cruise_name,Profile_ID,Canister,Station,Latitude,Longitude,depth,date_local,In_water_time_local,In_water_DateTime_UTC,particles_per_L,bin_0_0_to_0_5,bin_gt_0_5_to_1_0,bin_gt_1_0_to_1_5,bin_gt_1_5_to_2_0,bin_gt_2_0_to_2_5,bin_gt_2_5_to_3_0,bin_gt_3_0_to_3_5,bin_gt_3_5_to_4_0,bin_gt_4_0_to_4_5,bin_gt_4_5
IVARS 4-1,2004-12-23,,Xip 10,-77.668,180,73.97,2004-12-23,02:55:00,2004-12-22T13:55Z,0.74,0.0,0.0,0.0,0.0,0.0,0.0,0.0,0.37,0.37,0.0
IVARS 4-1,2004-12-23,,Xip 10,-77.668,180,87.03,2004-12-23,02:55:00,2004-12-22T13:55Z,0.74,0.0,0.0,0.0,0.37,0.0,0.0,0.0,0.37,0.0,0.0
IVARS 4-1,2004-12-23,,Xip 10,-77.668,180,103.44,2004-12-23,02:55:00,2004-12-22T13:55Z,0.74,0.0,0.37,0.0,0.0,0.0,0.0,0.0,0.0,0.37,0.0
IVARS 4-1,2004-12-23,,Xip 10,-77.668,180,105.28,2004-12-23,02:55:00,2004-12-22T13:55Z,0.37,0.0,0.0,0.0,0.0,0.0,0.0,0.0,0.37,0.0,0.0
IVARS 4-1,2004-12-23,,Xip 10,-77.668,180,113.11,2004-12-23,02:55:00,2004-12-22T13:55Z,0.37,0.0,0.0,0.0,0.0,0.0,0.0,0.0,0.0,0.0,0.37
IVARS 4-1,2004-12-23,,Xip 10,-77.668,180,175.0,2004-12-23,02:55:00,2004-12-22T13:55Z,1.11,0.0,0.0,0.0,0.0,0.0,0.37,0.0,0.0,0.0,0.74
IVARS 4-1,2004-12-23,,Xip 10,-77.668,180,180.02,2004-12-23,02:55:00,2004-12-22T13:55Z,0.74,0.0,0.0,0.0,0.0,0.0,0.0,0.37,0.0,0.0,0.37
IVARS 4-1,2004-12-23,,Xip 10,-77.668,180,196.04,2004-12-23,02:55:00,2004-12-22T13:55Z,0.37,0.0,0.0,0.0,0.0,0.0,0.0,0.0,0.0,0.0,0.37
IVARS 4-1,2004-12-23,,Xip 10,-77.668,180,207.28,2004-12-23,02:55:00,2004-12-22T13:55Z,1.47,0.0,0.0,0.0,0.0,0.0,0.0,0.0,0.0,0.37,1.11
IVARS 4-1,2004-12-23,,Xip 10,-77.668,180,217.41,2004-12-23,02:55:00,2004-12-22T13:55Z,1.11,0.0,0.0,0.0,0.0,0.37,0.0,0.0,0.74,0.0,0.0
IVARS 4-1,2004-12-23,,Xip 10,-77.668,180,221.74,2004-12-23,02:55:00,2004-12-22T13:55Z,0.74,0.0,0.0,0.0,0.0,0.0,0.0,0.0,0.0,0.74,0.0
IVARS 4-1,2004-12-23,,Xip 10,-77.668,180,234.73,2004-12-23,02:55:00,2004-12-22T13:55Z,0.37,0.0,0.0,0.0,0.0,0.0,0.0,0.0,0.0,0.0,0.37
IVARS 4-1,2004-12-23,,Xip 10,-77.668,180,241.13,2004-12-23,02:55:00,2004-12-22T13:55Z,0.37,0.0,0.0,0.0,0.0,0.0,0.0,0.0,0.0,0.0,0.37
IVARS 4-1,2004-12-23,,Xip 10,-77.668,180,247.65,2004-12-23,02:55:00,2004-12-22T13:55Z,0.37,0.0,0.0,0.0,0.0,0.0,0.0,0.0,0.0,0.0,0.37
IVARS 4-1,2004-12-23,,Xip 10,-77.668,180,252.51,2004-12-23,02:55:00,2004-12-22T13:55Z,0.37,0.0,0.0,0.0,0.0,0.0,0.0,0.0,0.0,0.0,0.37
IVARS 4-1,2004-12-23,,Xip 10,-77.668,180,258.55,2004-12-23,02:55:00,2004-12-22T13:55Z,0.37,0.0,0.0,0.0,0.0,0.0,0.0,0.0,0.0,0.0,0.37
IVARS 4-1,2004-12-23,,Xip 10,-77.668,180,266.85,2004-12-23,02:55:00,2004-12-22T13:55Z,0.37,0.0,0.0,0.0,0.0,0.0,0.0,0.0,0.0,0.0,0.37
IVARS 4-1,2004-12-23,,Xip 10,-77.668,180,268.4,2004-12-23,02:55:00,2004-12-22T13:55Z,0.37,0.0,0.0,0.0,0.0,0.0,0.0,0.0,0.0,0.0,0.37
IVARS 4-1,2004-12-23,,Xip 10,-77.668,180,276.3,2004-12-23,02:55:00,2004-12-22T13:55Z,0.37,0.0,0.0,0.0,0.0,0.0,0.0,0.0,0.0,0.0,0.37
IVARS 4-1,2004-12-23,,Xip 10,-77.668,180,287.29,2004-12-23,02:55:00,2004-12-22T13:55Z,0.37,0.0,0.0,0.0,0.37,0.0,0.0,0.0,0.0,0.0,0.0
IVARS 4-1,2004-12-23,,Xip 10,-77.668,180,290.68,2004-12-23,02:55:00,2004-12-22T13:55Z,0.37,0.0,0.0,0.0,0.0,0.0,0.0,0.0,0.0,0.0,0.37
IVARS 4-1,2004-12-23,,Xip 10,-77.668,180,313.07,2004-12-23,02:55:00,2004-12-22T13:55Z,0.74,0.0,0.0,0.0,0.0,0.0,0.0,0.0,0.0,0.37,0.37
IVARS 4-1,2004-12-23,,Xip 10,-77.668,180,377.19,2004-12-23,02:55:00,2004-12-22T13:55Z,0.37,0.0,0.0,0.0,0.0,0.0,0.0,0.0,0.0,0.0,0.37
IVARS 4-1,2004-12-23,,Xip 10,-77.668,180,417.64,2004-12-23,02:55:00,2004-12-22T13:55Z,0.37,0.0,0.0,0.0,0.0,0.0,0.0,0.0,0.0,0.37,0.0
IVARS 4-1,2004-12-23,,Xip 10,-77.668,180,429.03,2004-12-23,02:55:00,2004-12-22T13:55Z,0.37,0.0,0.0,0.0,0.37,0.0,0.0,0.0,0.0,0.0,0.0
IVARS 4-1,2004-12-23,,Xip 10,-77.668,180,421.21,2004-12-23,02:55:00,2004-12-22T13:55Z,0.37,0.0,0.0,0.0,0.0,0.0,0.0,0.0,0.0,0.0,0.37
IVARS 4-1,2004-12-23,,Xip 10,-77.668,180,367.96,2004-12-23,02:55:00,2004-12-22T13:55Z,0.37,0.0,0.0,0.0,0.0,0.0,0.0,0.0,0.0,0.0,0.37
IVARS 4-1,2004-12-23,,Xip 10,-77.668,180,232.27,2004-12-23,02:55:00,2004-12-22T13:55Z,0.37,0.0,0.0,0.0,0.0,0.0,0.0,0.0,0.0,0.0,0.37
IVARS 4-1,2004-12-23,,Xip 10,-77.668,180,225.05,2004-12-23,02:55:00,2004-12-22T13:55Z,0.37,0.0,0.0,0.0,0.0,0.0,0.0,0.0,0.0,0.0,0.37
IVARS 4-1,2004-12-23,,Xip 10,-77.668,180,204.04,2004-12-23,02:55:00,2004-12-22T13:55Z,0.37,0.0,0.0,0.0,0.0,0.0,0.0,0.0,0.37,0.0,0.0
IVARS 4-1,2004-12-23,,Xip 10,-77.668,180,200.66,2004-12-23,02:55:00,2004-12-22T13:55Z,0.37,0.0,0.0,0.0,0.0,0.0,0.0,0.0,0.0,0.0,0.37
IVARS 4-1,2004-12-23,,Xip 10,-77.668,180,186.38,2004-12-23,02:55:00,2004-12-22T13:55Z,0.37,0.0,0.0,0.0,0.0,0.0,0.0,0.37,0.0,0.0,0.0
IVARS 4-1,2004-12-23,,Xip 10,-77.668,180,162.45,2004-12-23,02:55:00,2004-12-22T13:55Z,0.74,0.0,0.0,0.0,0.0,0.37,0.0,0.0,0.0,0.0,0.37
IVARS 4-1,2004-12-23,,Xip 10,-77.668,180,158.81,2004-12-23,02:55:00,2004-12-22T13:55Z,0.37,0.0,0.0,0.0,0.0,0.0,0.37,0.0,0.0,0.0,0.0
IVARS 4-1,2004-12-23,,Xip 10,-77.668,180,151.88,2004-12-23,02:55:00,2004-12-22T13:55Z,1.11,0.0,0.0,0.37,0.37,0.0,0.0,0.0,0.0,0.0,0.37
IVARS 4-1,2004-12-23,,Xip 10,-77.668,180,91.69,2004-12-23,02:55:00,2004-12-22T13:55Z,0.37,0.0,0.0,0.0,0.0,0.0,0.0,0.0,0.0,0.0,0.37
IVARS 4-1,2004-12-24,,23,-76.4095,171.067,39.24,2004-12-24,05:10:00,2004-12-23T16:10Z,0.74,0.0,0.0,0.0,0.0,0.0,0.0,0.0,0.0,0.0,0.74
IVARS 4-1,2004-12-24,,23,-76.4095,171.067,40.87,2004-12-24,05:10:00,2004-12-23T16:10Z,5.16,0.0,0.0,0.0,0.0,0.37,1.11,1.47,1.11,0.37,0.74
IVARS 4-1,2004-12-24,,23,-76.4095,171.067,42.62,2004-12-24,05:10:00,2004-12-23T16:10Z,2.58,0.0,0.0,0.0,0.0,0.0,0.37,0.37,1.11,0.37,0.37
IVARS 4-1,2004-12-24,,23,-76.4095,171.067,48.93,2004-12-24,05:10:00,2004-12-23T16:10Z,1.11,0.0,0.0,0.0,0.0,0.0,0.0,0.0,0.37,0.74,0.0
IVARS 4-1,2004-12-24,,23,-76.4095,171.067,50.33,2004-12-24,05:10:00,2004-12-23T16:10Z,1.47,0.0,0.0,0.74,0.0,0.0,0.0,0.37,0.0,0.37,0.0
IVARS 4-1,2004-12-24,,23,-76.4095,171.067,52.1,2004-12-24,05:10:00,2004-12-23T16:10Z,1.11,0.0,0.0,0.0,0.0,0.0,0.37,0.37,0.0,0.0,0.37
IVARS 4-1,2004-12-24,,23,-76.4095,171.067,53.44,2004-12-24,05:10:00,2004-12-23T16:10Z,0.74,0.0,0.0,0.0,0.37,0.0,0.0,0.0,0.0,0.37,0.0
IVARS 4-1,2004-12-24,,23,-76.4095,171.067,55.13,2004-12-24,05:10:00,2004-12-23T16:10Z,1.47,0.0,0.0,0.0,0.0,0.37,0.37,0.0,0.0,0.0,0.74
IVARS 4-1,2004-12-24,,23,-76.4095,171.067,56.41,2004-12-24,05:10:00,2004-12-23T16:10Z,1.84,0.0,0.0,0.0,0.0,0.0,0.0,0.74,0.37,0.0,0.74
IVARS 4-1,2004-12-24,,23,-76.4095,171.067,58.11,2004-12-24,05:10:00,2004-12-23T16:10Z,1.11,0.0,0.0,0.0,0.0,0.0,0.0,0.0,0.0,0.37,0.74
IVARS 4-1,2004-12-24,,23,-76.4095,171.067,59.81,2004-12-24,05:10:00,2004-12-23T16:10Z,2.21,0.0,0.0,0.37,0.0,0.74,0.0,0.74,0.37,0.0,0.0
IVARS 4-1,2004-12-24,,23,-76.4095,171.067,61.51,2004-12-24,05:10:00,2004-12-23T16:10Z,2.58,0.0,0.0,0.0,0.0,1.11,0.74,0.0,0.37,0.37,0.0
IVARS 4-1,2004-12-24,,23,-76.4095,171.067,70.75,2004-12-24,05:10:00,2004-12-23T16:10Z,0.74,0.0,0.0,0.0,0.0,0.0,0.0,0.0,0.37,0.0,0.37
IVARS 4-1,2004-12-24,,23,-76.4095,171.067,84.21,2004-12-24,05:10:00,2004-12-23T16:10Z,0.37,0.0,0.0,0.0,0.0,0.0,0.0,0.0,0.0,0.0,0.37
IVARS 4-1,2004-12-24,,23,-76.4095,171.067,92.03,2004-12-24,05:10:00,2004-12-23T16:10Z,0.74,0.0,0.0,0.0,0.0,0.0,0.37,0.37,0.0,0.0,0.0
IVARS 4-1,2004-12-24,,23,-76.4095,171.067,96.56,2004-12-24,05:10:00,2004-12-23T16:10Z,0.37,0.0,0.0,0.0,0.0,0.0,0.0,0.0,0.0,0.0,0.37
IVARS 4-1,2004-12-24,,23,-76.4095,171.067,99.86,2004-12-24,05:10:00,2004-12-23T16:10Z,0.74,0.0,0.0,0.0,0.0,0.0,0.0,0.37,0.0,0.0,0.37
IVARS 4-1,2004-12-24,,23,-76.4095,171.067,101.02,2004-12-24,05:10:00,2004-12-23T16:10Z,0.37,0.0,0.0,0.0,0.0,0.0,0.0,0.0,0.0,0.0,0.37
IVARS 4-1,2004-12-24,,23,-76.4095,171.067,105.52,2004-12-24,05:10:00,2004-12-23T16:10Z,0.37,0.0,0.0,0.0,0.0,0.0,0.0,0.0,0.0,0.37,0.0
IVARS 4-1,2004-12-24,,23,-76.4095,171.067,118.08,2004-12-24,05:10:00,2004-12-23T16:10Z,1.84,0.0,0.0,0.0,0.37,0.0,1.11,0.0,0.0,0.0,0.37
IVARS 4-1,2004-12-24,,23,-76.4095,171.067,119.8,2004-12-24,05:10:00,2004-12-23T16:10Z,0.37,0.0,0.0,0.0,0.0,0.0,0.0,0.37,0.0,0.0,0.0
IVARS 4-1,2004-12-24,,23,-76.4095,171.067,121.22,2004-12-24,05:10:00,2004-12-23T16:10Z,0.74,0.0,0.0,0.0,0.0,0.0,0.0,0.74,0.0,0.0,0.0
IVARS 4-1,2004-12-24,,23,-76.4095,171.067,124.11,2004-12-24,05:10:00,2004-12-23T16:10Z,0.37,0.0,0.0,0.0,0.0,0.0,0.0,0.0,0.37,0.0,0.0
IVARS 4-1,2004-12-24,,23,-76.4095,171.067,125.91,2004-12-24,05:10:00,2004-12-23T16:10Z,0.37,0.0,0.0,0.0,0.0,0.0,0.0,0.0,0.37,0.0,0.0
IVARS 4-1,2004-12-24,,23,-76.4095,171.067,170.62,2004-12-24,05:10:00,2004-12-23T16:10Z,0.37,0.0,0.0,0.0,0.0,0.0,0.0,0.0,0.0,0.0,0.37
IVARS 4-1,2004-12-24,,23,-76.4095,171.067,102.64,2004-12-24,05:10:00,2004-12-23T16:10Z,0.74,0.0,0.0,0.0,0.0,0.0,0.0,0.0,0.37,0.0,0.37
IVARS 4-1,2004-12-24,,23,-76.4095,171.067,99.42,2004-12-24,05:10:00,2004-12-23T16:10Z,0.37,0.0,0.0,0.0,0.0,0.0,0.0,0.0,0.0,0.0,0.37
IVARS 4-1,2004-12-24,,23,-76.4095,171.067,95.98,2004-12-24,05:10:00,2004-12-23T16:10Z,0.37,0.0,0.0,0.0,0.0,0.37,0.0,0.0,0.0,0.0,0.0
IVARS 4-1,2004-12-24,,23,-76.4095,171.067,76.78,2004-12-24,05:10:00,2004-12-23T16:10Z,0.37,0.0,0.0,0.0,0.0,0.0,0.0,0.0,0.0,0.0,0.37
IVARS 4-1,2004-12-24,,23,-76.4095,171.067,73.46,2004-12-24,05:10:00,2004-12-23T16:10Z,0.37,0.0,0.0,0.0,0.0,0.0,0.0,0.0,0.0,0.37,0.0
IVARS 4-1,2004-12-24,,23,-76.4095,171.067,50.8,2004-12-24,05:10:00,2004-12-23T16:10Z,0.74,0.0,0.0,0.0,0.0,0.0,0.0,0.74,0.0,0.0,0.0
IVARS 4-1,2004-12-24,,23,-76.4095,171.067,47.59,2004-12-24,05:10:00,2004-12-23T16:10Z,0.37,0.0,0.0,0.0,0.0,0.0,0.0,0.0,0.0,0.0,0.37
IVARS 4-1,2004-12-24,,23,-76.4095,171.067,44.55,2004-12-24,05:10:00,2004-12-23T16:10Z,2.21,0.0,0.0,0.0,0.0,0.0,0.37,0.0,0.37,0.0,1.47
IVARS 4-1,2004-12-24,,23,-76.4095,171.067,41.06,2004-12-24,05:10:00,2004-12-23T16:10Z,2.95,0.0,0.74,0.37,1.47,0.37,0.0,0.0,0.0,0.0,0.0
IVARS 4-1,2004-12-24,,23,-76.4095,171.067,37.73,2004-12-24,05:10:00,2004-12-23T16:10Z,0.37,0.0,0.0,0.0,0.0,0.0,0.0,0.0,0.0,0.37,0.0
IVARS 4-1,2004-12-24,,23,-76.4095,171.067,34.47,2004-12-24,05:10:00,2004-12-23T16:10Z,3.32,0.0,0.0,0.0,0.0,0.74,0.0,0.37,0.0,0.37,1.84
IVARS 4-1,2004-12-24,,23,-76.4095,171.067,31.5,2004-12-24,05:10:00,2004-12-23T16:10Z,0.0,0.0,0.0,0.0,0.0,0.0,0.0,0.0,0.0,0.0,0.0
IVARS 4-1,2004-12-24,,23,-76.4095,171.067,27.99,2004-12-24,05:10:00,2004-12-23T16:10Z,2.58,0.0,0.0,0.0,0.0,1.47,0.74,0.37,0.0,0.0,0.0
IVARS 4-2,2005-01-30,,Xip,-77.668,180,63.08,2005-01-30,,,9.96,0.0,0.74,2.58,3.32,1.84,1.11,0.0,0.37,0.0,0.0
IVARS 4-2,2005-01-30,,Xip,-77.668,180,64.46,2005-01-30,,,13.64,0.0,0.37,3.32,6.27,1.84,0.74,0.74,0.37,0.0,0.0
IVARS 4-2,2005-01-30,,Xip,-77.668,180,66.53,2005-01-30,,,10.69,0.0,1.11,2.95,4.42,0.74,0.74,0.37,0.37,0.0,0.0
IVARS 4-2,2005-01-30,,Xip,-77.668,180,68.17,2005-01-30,,,18.44,0.0,0.37,5.53,7.37,3.32,1.84,0.0,0.0,0.0,0.0
IVARS 4-2,2005-01-30,,Xip,-77.668,180,69.81,2005-01-30,,,20.28,0.0,0.37,2.58,5.53,5.53,4.06,1.11,0.74,0.0,0.37
IVARS 4-2,2005-01-30,,Xip,-77.668,180,71.48,2005-01-30,,,19.17,0.0,0.37,4.06,7.01,4.79,2.58,0.37,0.0,0.0,0.0
IVARS 4-2,2005-01-30,,Xip,-77.668,180,73.44,2005-01-30,,,22.86,0.0,1.11,5.16,8.11,2.21,2.95,1.84,1.11,0.37,0.0
IVARS 4-2,2005-01-30,,Xip,-77.668,180,74.76,2005-01-30,,,17.33,0.0,0.0,5.53,4.42,4.79,1.84,0.74,0.0,0.0,0.0
IVARS 4-2,2005-01-30,,Xip,-77.668,180,76.44,2005-01-30,,,16.22,0.0,0.37,5.53,5.53,1.11,1.11,1.84,0.0,0.37,0.37
IVARS 4-2,2005-01-30,,Xip,-77.668,180,78.21,2005-01-30,,,11.43,0.0,0.74,2.21,4.06,2.58,1.47,0.37,0.0,0.0,0.0
IVARS 4-2,2005-01-30,,Xip,-77.668,180,80.12,2005-01-30,,,11.8,0.0,0.37,2.21,4.06,2.95,1.11,0.74,0.0,0.37,0.0
IVARS 4-2,2005-01-30,,Xip,-77.668,180,81.66,2005-01-30,,,11.43,0.0,0.37,3.32,3.69,1.84,0.74,1.11,0.37,0.0,0.0
IVARS 4-2,2005-01-30,,Xip,-77.668,180,83.46,2005-01-30,,,6.27,0.0,0.0,1.47,2.21,1.84,0.37,0.0,0.0,0.37,0.0
IVARS 4-2,2005-01-30,,Xip,-77.668,180,85.23,2005-01-30,,,13.64,0.0,0.74,1.47,4.79,2.95,2.21,1.11,0.0,0.37,0.0
IVARS 4-2,2005-01-30,,Xip,-77.668,180,86.96,2005-01-30,,,10.69,0.0,0.0,1.47,4.06,3.69,1.11,0.0,0.0,0.37,0.0
IVARS 4-2,2005-01-30,,Xip,-77.668,180,88.86,2005-01-30,,,5.16,0.0,0.0,1.47,1.47,0.74,0.37,1.11,0.0,0.0,0.0
IVARS 4-2,2005-01-30,,Xip,-77.668,180,90.19,2005-01-30,,,0.74,0.0,0.0,0.0,0.0,0.74,0.0,0.0,0.0,0.0,0.0
IVARS 4-2,2005-01-30,,Xip,-77.668,180,92.26,2005-01-30,,,3.32,0.0,0.0,0.74,1.84,0.37,0.37,0.0,0.0,0.0,0.0
IVARS 4-2,2005-01-30,,Xip,-77.668,180,93.92,2005-01-30,,,1.11,0.0,0.0,0.0,0.37,0.37,0.37,0.0,0.0,0.0,0.0
IVARS 4-2,2005-01-30,,Xip,-77.668,180,95.56,2005-01-30,,,4.42,0.0,0.0,1.11,0.74,1.47,0.74,0.37,0.0,0.0,0.0
IVARS 4-2,2005-01-30,,Xip,-77.668,180,97.12,2005-01-30,,,0.37,0.0,0.0,0.37,0.0,0.0,0.0,0.0,0.0,0.0,0.0
IVARS 4-2,2005-01-30,,Xip,-77.668,180,100.74,2005-01-30,,,1.47,0.0,0.0,0.74,0.37,0.37,0.0,0.0,0.0,0.0,0.0
IVARS 4-2,2005-01-30,,Xip,-77.668,180,102.46,2005-01-30,,,2.95,0.0,0.0,0.0,1.11,0.37,0.37,1.11,0.0,0.0,0.0
IVARS 4-2,2005-01-30,,Xip,-77.668,180,104.02,2005-01-30,,,0.74,0.0,0.0,0.0,0.0,0.37,0.37,0.0,0.0,0.0,0.0
IVARS 4-2,2005-01-30,,Xip,-77.668,180,107.35,2005-01-30,,,2.21,0.0,0.0,1.47,0.0,0.37,0.0,0.0,0.0,0.0,0.37
IVARS 4-2,2005-01-30,,Xip,-77.668,180,114.13,2005-01-30,,,0.37,0.0,0.0,0.0,0.0,0.0,0.37,0.0,0.0,0.0,0.0
IVARS 4-2,2005-01-30,,Xip,-77.668,180,133.26,2005-01-30,,,0.74,0.0,0.0,0.0,0.37,0.0,0.0,0.37,0.0,0.0,0.0
IVARS 4-2,2005-01-30,,Xip,-77.668,180,138.9,2005-01-30,,,0.37,0.0,0.0,0.0,0.37,0.0,0.0,0.0,0.0,0.0,0.0
IVARS 4-2,2005-01-30,,Xip,-77.668,180,147.51,2005-01-30,,,0.37,0.0,0.0,0.0,0.0,0.0,0.0,0.0,0.0,0.0,0.37
IVARS 4-2,2005-01-30,,Xip,-77.668,180,164.72,2005-01-30,,,0.37,0.0,0.0,0.0,0.37,0.0,0.0,0.0,0.0,0.0,0.0
IVARS 4-2,2005-01-30,,Xip,-77.668,180,168.15,2005-01-30,,,0.74,0.0,0.0,0.0,0.0,0.0,0.74,0.0,0.0,0.0,0.0
IVARS 4-2,2005-01-30,,Xip,-77.668,180,189.93,2005-01-30,,,0.37,0.0,0.0,0.0,0.0,0.0,0.0,0.37,0.0,0.0,0.0
IVARS 4-2,2005-01-30,,Xip,-77.668,180,217.6,2005-01-30,,,0.37,0.0,0.0,0.0,0.0,0.37,0.0,0.0,0.0,0.0,0.0
IVARS 4-2,2005-01-30,,Xip,-77.668,180,219.33,2005-01-30,,,0.37,0.0,0.0,0.0,0.0,0.0,0.37,0.0,0.0,0.0,0.0
IVARS 4-2,2005-01-30,,Xip,-77.668,180,226.02,2005-01-30,,,0.37,0.0,0.0,0.0,0.0,0.0,0.0,0.0,0.37,0.0,0.0
IVARS 4-2,2005-01-30,,Xip,-77.668,180,375.85,2005-01-30,,,0.37,0.0,0.0,0.37,0.0,0.0,0.0,0.0,0.0,0.0,0.0
IVARS 4-2,2005-01-30,,Xip,-77.668,180,384.65,2005-01-30,,,0.37,0.0,0.0,0.0,0.0,0.0,0.0,0.0,0.0,0.37,0.0
IVARS 4-2,2005-01-30,,Xip,-77.668,180,507.71,2005-01-30,,,0.37,0.0,0.0,0.0,0.37,0.0,0.0,0.0,0.0,0.0,0.0
IVARS 4-2,2005-01-30,,Xip,-77.668,180,514.27,2005-01-30,,,0.37,0.0,0.0,0.0,0.0,0.37,0.0,0.0,0.0,0.0,0.0
IVARS 4-2,2005-01-30,,Xip,-77.668,180,516.16,2005-01-30,,,0.37,0.0,0.0,0.37,0.0,0.0,0.0,0.0,0.0,0.0,0.0
IVARS 4-2,2005-01-30,,Xip,-77.668,180,529.64,2005-01-30,,,0.37,0.0,0.0,0.0,0.0,0.37,0.0,0.0,0.0,0.0,0.0
IVARS 4-2,2005-01-30,,Xip,-77.668,180,533.02,2005-01-30,,,0.74,0.0,0.0,0.37,0.37,0.0,0.0,0.0,0.0,0.0,0.0
IVARS 4-2,2005-01-30,,Xip,-77.668,180,536.4,2005-01-30,,,0.37,0.0,0.0,0.37,0.0,0.0,0.0,0.0,0.0,0.0,0.0
IVARS 4-2,2005-01-30,,Xip,-77.668,180,538.08,2005-01-30,,,0.37,0.0,0.0,0.37,0.0,0.0,0.0,0.0,0.0,0.0,0.0
IVARS 4-2,2005-01-30,,Xip,-77.668,180,551.16,2005-01-30,,,0.74,0.0,0.0,0.0,0.37,0.0,0.37,0.0,0.0,0.0,0.0
IVARS 4-2,2005-01-30,,Xip,-77.668,180,563.0,2005-01-30,,,0.37,0.0,0.0,0.0,0.0,0.0,0.37,0.0,0.0,0.0,0.0
IVARS 4-2,2005-01-30,,Xip,-77.668,180,564.26,2005-01-30,,,0.37,0.0,0.0,0.0,0.0,0.0,0.37,0.0,0.0,0.0,0.0
IVARS 4-2,2005-01-30,,Xip,-77.668,180,565.96,2005-01-30,,,0.74,0.0,0.0,0.74,0.0,0.0,0.0,0.0,0.0,0.0,0.0
IVARS 4-2,2005-01-30,,Xip,-77.668,180,571.03,2005-01-30,,,0.74,0.0,0.0,0.37,0.0,0.37,0.0,0.0,0.0,0.0,0.0
IVARS 4-2,2005-01-30,,Xip,-77.668,180,575.63,2005-01-30,,,0.37,0.0,0.0,0.0,0.0,0.37,0.0,0.0,0.0,0.0,0.0
IVARS 4-2,2005-01-30,,Xip,-77.668,180,560.88,2005-01-30,,,0.74,0.0,0.0,0.0,0.37,0.0,0.0,0.37,0.0,0.0,0.0
IVARS 4-2,2005-01-30,,Xip,-77.668,180,546.07,2005-01-30,,,0.37,0.0,0.0,0.0,0.37,0.0,0.0,0.0,0.0,0.0,0.0
IVARS 4-2,2005-01-30,,Xip,-77.668,180,82.54,2005-01-30,,,0.37,0.0,0.0,0.0,0.0,0.0,0.37,0.0,0.0,0.0,0.0
IVARS 4-2,2005-01-30,,Xip,-77.668,180,72.54,2005-01-30,,,2.21,0.0,0.37,0.0,1.11,0.0,0.74,0.0,0.0,0.0,0.0
IVARS 4-2,2005-01-30,,Xip,-77.668,180,67.31,2005-01-30,,,2.21,0.0,0.0,0.0,1.47,0.37,0.37,0.0,0.0,0.0,0.0
IVARS 4-2,2005-01-30,,Xip,-77.668,180,62.97,2005-01-30,,,2.58,0.0,0.0,0.74,0.37,0.74,0.37,0.0,0.37,0.0,0.0
IVARS 4-2,2005-01-29,,Cal,-77,172.8,70.36,2005-01-29,07:22:00,2005-01-28T18:22Z,17.7,0.0,0.0,2.95,5.9,4.06,2.21,0.74,1.47,0.37,0.0
IVARS 4-2,2005-01-29,,Cal,-77,172.8,72.18,2005-01-29,07:22:00,2005-01-28T18:22Z,20.65,0.0,0.0,3.32,5.9,7.01,2.58,1.11,0.37,0.0,0.37
IVARS 4-2,2005-01-29,,Cal,-77,172.8,74.67,2005-01-29,07:22:00,2005-01-28T18:22Z,30.97,0.0,0.37,9.59,8.48,6.27,3.69,2.21,0.0,0.37,0.0
IVARS 4-2,2005-01-29,,Cal,-77,172.8,75.69,2005-01-29,07:22:00,2005-01-28T18:22Z,43.88,0.0,0.74,7.01,13.64,8.11,9.59,1.84,2.21,0.37,0.37
IVARS 4-2,2005-01-29,,Cal,-77,172.8,77.24,2005-01-29,07:22:00,2005-01-28T18:22Z,29.13,0.0,1.11,5.16,7.37,6.64,6.64,2.21,0.0,0.0,0.0
IVARS 4-2,2005-01-29,,Cal,-77,172.8,79.51,2005-01-29,07:22:00,2005-01-28T18:22Z,27.66,0.0,1.11,5.53,8.48,5.9,4.06,1.47,0.37,0.74,0.0
IVARS 4-2,2005-01-29,,Cal,-77,172.8,80.98,2005-01-29,07:22:00,2005-01-28T18:22Z,27.29,0.0,1.47,7.01,7.74,5.53,3.69,1.11,0.37,0.37,0.0
IVARS 4-2,2005-01-29,,Cal,-77,172.8,82.77,2005-01-29,07:22:00,2005-01-28T18:22Z,32.45,0.0,0.37,3.69,8.11,9.96,5.53,2.21,1.47,1.11,0.0
IVARS 4-2,2005-01-29,,Cal,-77,172.8,84.45,2005-01-29,07:22:00,2005-01-28T18:22Z,21.39,0.0,0.74,8.11,4.06,2.95,3.32,1.47,0.0,0.37,0.37
IVARS 4-2,2005-01-29,,Cal,-77,172.8,86.33,2005-01-29,07:22:00,2005-01-28T18:22Z,12.91,0.0,0.37,1.84,2.21,4.42,1.47,1.11,1.11,0.37,0.0
IVARS 4-2,2005-01-29,,Cal,-77,172.8,87.82,2005-01-29,07:22:00,2005-01-28T18:22Z,10.32,0.0,0.37,2.58,2.21,2.58,1.11,1.11,0.37,0.0,0.0
IVARS 4-2,2005-01-29,,Cal,-77,172.8,89.45,2005-01-29,07:22:00,2005-01-28T18:22Z,11.43,0.0,0.0,2.95,1.84,1.84,2.95,1.84,0.0,0.0,0.0
IVARS 4-2,2005-01-29,,Cal,-77,172.8,91.53,2005-01-29,07:22:00,2005-01-28T18:22Z,21.76,0.0,0.37,2.95,6.27,3.69,3.32,2.21,2.58,0.37,0.0
IVARS 4-2,2005-01-29,,Cal,-77,172.8,93.56,2005-01-29,07:22:00,2005-01-28T18:22Z,21.76,0.0,0.0,5.53,4.06,5.16,3.69,1.11,1.47,0.0,0.74
IVARS 4-2,2005-01-29,,Cal,-77,172.8,95.28,2005-01-29,07:22:00,2005-01-28T18:22Z,24.34,0.0,0.0,2.58,5.53,4.79,3.69,2.21,2.95,1.11,1.47
IVARS 4-2,2005-01-29,,Cal,-77,172.8,96.71,2005-01-29,07:22:00,2005-01-28T18:22Z,16.96,0.0,0.0,2.58,0.37,2.95,4.06,2.58,1.84,1.47,1.11
IVARS 4-2,2005-01-29,,Cal,-77,172.8,98.62,2005-01-29,07:22:00,2005-01-28T18:22Z,20.65,0.0,0.0,2.58,2.95,3.69,3.69,2.95,2.58,1.11,1.11
IVARS 4-2,2005-01-29,,Cal,-77,172.8,100.43,2005-01-29,07:22:00,2005-01-28T18:22Z,13.27,0.0,0.0,1.11,3.32,2.21,1.11,2.58,1.84,0.0,1.11
IVARS 4-2,2005-01-29,,Cal,-77,172.8,101.78,2005-01-29,07:22:00,2005-01-28T18:22Z,13.27,0.0,0.37,0.74,1.84,2.21,2.95,2.58,0.74,1.47,0.37
IVARS 4-2,2005-01-29,,Cal,-77,172.8,103.77,2005-01-29,07:22:00,2005-01-28T18:22Z,12.17,0.0,0.37,2.95,3.32,1.11,2.58,0.0,1.47,0.0,0.37
IVARS 4-2,2005-01-29,,Cal,-77,172.8,105.29,2005-01-29,07:22:00,2005-01-28T18:22Z,10.69,0.0,0.0,0.74,0.37,2.58,1.11,1.84,1.11,1.47,1.47
IVARS 4-2,2005-01-29,,Cal,-77,172.8,107.21,2005-01-29,07:22:00,2005-01-28T18:22Z,14.75,0.0,0.0,2.21,0.74,2.95,1.11,4.06,1.11,0.74,1.84
IVARS 4-2,2005-01-29,,Cal,-77,172.8,109.01,2005-01-29,07:22:00,2005-01-28T18:22Z,16.96,0.0,0.37,0.37,1.47,2.21,2.21,3.32,2.21,2.95,1.84
IVARS 4-2,2005-01-29,,Cal,-77,172.8,110.44,2005-01-29,07:22:00,2005-01-28T18:22Z,11.43,0.0,0.0,2.21,1.11,1.11,0.74,3.32,1.47,0.74,0.74
IVARS 4-2,2005-01-29,,Cal,-77,172.8,112.53,2005-01-29,07:22:00,2005-01-28T18:22Z,17.33,0.0,0.0,2.58,2.21,1.47,2.21,4.79,2.58,0.74,0.74
IVARS 4-2,2005-01-29,,Cal,-77,172.8,113.67,2005-01-29,07:22:00,2005-01-28T18:22Z,11.06,0.0,0.0,0.37,2.95,2.21,1.47,2.21,1.11,0.37,0.37
IVARS 4-2,2005-01-29,,Cal,-77,172.8,115.72,2005-01-29,07:22:00,2005-01-28T18:22Z,12.54,0.0,0.37,0.74,0.37,1.84,3.32,1.84,2.95,0.37,0.74
IVARS 4-2,2005-01-29,,Cal,-77,172.8,117.19,2005-01-29,07:22:00,2005-01-28T18:22Z,9.59,0.0,0.37,1.84,1.84,1.11,0.74,1.11,0.37,0.37,1.84
IVARS 4-2,2005-01-29,,Cal,-77,172.8,118.94,2005-01-29,07:22:00,2005-01-28T18:22Z,7.01,0.0,0.0,0.74,1.47,0.74,2.95,0.37,0.0,0.74,0.0
IVARS 4-2,2005-01-29,,Cal,-77,172.8,120.92,2005-01-29,07:22:00,2005-01-28T18:22Z,10.32,0.0,0.0,1.11,0.74,0.74,2.21,0.37,2.21,1.11,1.84
IVARS 4-2,2005-01-29,,Cal,-77,172.8,122.19,2005-01-29,07:22:00,2005-01-28T18:22Z,7.01,0.0,0.0,0.74,0.37,0.0,0.0,2.58,1.84,0.74,0.74
IVARS 4-2,2005-01-29,,Cal,-77,172.8,123.86,2005-01-29,07:22:00,2005-01-28T18:22Z,8.11,0.0,0.0,0.0,0.37,1.11,0.37,1.47,0.37,2.95,1.47
IVARS 4-2,2005-01-29,,Cal,-77,172.8,125.45,2005-01-29,07:22:00,2005-01-28T18:22Z,11.06,0.0,0.0,2.21,0.74,0.74,2.21,1.11,1.11,1.84,1.11
IVARS 4-2,2005-01-29,,Cal,-77,172.8,127.33,2005-01-29,07:22:00,2005-01-28T18:22Z,7.74,0.0,0.37,1.47,0.74,1.11,1.11,0.0,1.11,1.47,0.37
IVARS 4-2,2005-01-29,,Cal,-77,172.8,128.82,2005-01-29,07:22:00,2005-01-28T18:22Z,15.86,0.0,0.37,1.11,1.84,0.74,3.69,3.69,1.11,0.74,2.58
IVARS 4-2,2005-01-29,,Cal,-77,172.8,130.96,2005-01-29,07:22:00,2005-01-28T18:22Z,12.91,0.0,0.37,0.74,1.47,2.21,1.84,2.21,1.84,1.47,0.74
IVARS 4-2,2005-01-29,,Cal,-77,172.8,132.24,2005-01-29,07:22:00,2005-01-28T18:22Z,11.43,0.0,0.0,0.74,0.74,1.47,1.84,3.32,0.37,2.58,0.37
IVARS 4-2,2005-01-29,,Cal,-77,172.8,134.49,2005-01-29,07:22:00,2005-01-28T18:22Z,7.37,0.0,0.0,0.74,0.37,0.0,1.84,2.21,0.37,0.74,1.11
IVARS 4-2,2005-01-29,,Cal,-77,172.8,135.75,2005-01-29,07:22:00,2005-01-28T18:22Z,5.9,0.0,0.0,0.37,0.0,0.74,1.84,0.37,1.11,0.74,0.74
IVARS 4-2,2005-01-29,,Cal,-77,172.8,137.42,2005-01-29,07:22:00,2005-01-28T18:22Z,5.53,0.0,0.0,0.37,1.47,0.37,0.74,0.37,0.74,1.11,0.37
IVARS 4-2,2005-01-29,,Cal,-77,172.8,139.09,2005-01-29,07:22:00,2005-01-28T18:22Z,5.53,0.0,0.0,0.74,1.47,0.37,0.74,0.37,1.47,0.0,0.37
IVARS 4-2,2005-01-29,,Cal,-77,172.8,140.71,2005-01-29,07:22:00,2005-01-28T18:22Z,4.79,0.0,0.0,0.0,0.0,0.74,1.11,0.74,1.47,0.0,0.74
IVARS 4-2,2005-01-29,,Cal,-77,172.8,142.66,2005-01-29,07:22:00,2005-01-28T18:22Z,4.79,0.0,0.0,0.0,0.74,0.37,0.74,0.0,1.11,0.74,1.11
IVARS 4-2,2005-01-29,,Cal,-77,172.8,144.11,2005-01-29,07:22:00,2005-01-28T18:22Z,4.79,0.0,0.0,0.0,0.37,0.74,0.74,0.0,0.74,0.37,1.84
IVARS 4-2,2005-01-29,,Cal,-77,172.8,145.77,2005-01-29,07:22:00,2005-01-28T18:22Z,4.42,0.0,0.37,0.0,0.37,0.37,0.37,0.37,0.74,0.74,1.11
IVARS 4-2,2005-01-29,,Cal,-77,172.8,147.15,2005-01-29,07:22:00,2005-01-28T18:22Z,4.42,0.0,0.0,0.37,0.37,0.37,0.0,0.74,0.37,0.74,1.47
IVARS 4-2,2005-01-29,,Cal,-77,172.8,149.14,2005-01-29,07:22:00,2005-01-28T18:22Z,3.69,0.0,0.0,0.0,0.37,0.37,0.74,0.74,0.37,0.74,0.37
IVARS 4-2,2005-01-29,,Cal,-77,172.8,151.0,2005-01-29,07:22:00,2005-01-28T18:22Z,1.11,0.0,0.0,0.0,0.0,0.74,0.0,0.0,0.0,0.0,0.37
IVARS 4-2,2005-01-29,,Cal,-77,172.8,152.58,2005-01-29,07:22:00,2005-01-28T18:22Z,1.47,0.0,0.0,0.37,0.37,0.0,0.74,0.0,0.0,0.0,0.0
IVARS 4-2,2005-01-29,,Cal,-77,172.8,154.12,2005-01-29,07:22:00,2005-01-28T18:22Z,0.74,0.0,0.0,0.0,0.0,0.37,0.0,0.0,0.0,0.0,0.37
IVARS 4-2,2005-01-29,,Cal,-77,172.8,155.93,2005-01-29,07:22:00,2005-01-28T18:22Z,2.95,0.0,0.37,0.0,0.0,0.0,0.0,1.11,0.37,0.0,1.11
IVARS 4-2,2005-01-29,,Cal,-77,172.8,159.32,2005-01-29,07:22:00,2005-01-28T18:22Z,0.37,0.0,0.0,0.0,0.0,0.0,0.0,0.37,0.0,0.0,0.0
IVARS 4-2,2005-01-29,,Cal,-77,172.8,161.0,2005-01-29,07:22:00,2005-01-28T18:22Z,0.74,0.0,0.0,0.0,0.0,0.0,0.0,0.0,0.37,0.0,0.37
IVARS 4-2,2005-01-29,,Cal,-77,172.8,162.77,2005-01-29,07:22:00,2005-01-28T18:22Z,1.11,0.0,0.0,0.0,0.37,0.0,0.0,0.74,0.0,0.0,0.0
IVARS 4-2,2005-01-29,,Cal,-77,172.8,165.8,2005-01-29,07:22:00,2005-01-28T18:22Z,0.74,0.0,0.0,0.0,0.0,0.0,0.0,0.0,0.0,0.37,0.37
IVARS 4-2,2005-01-29,,Cal,-77,172.8,168.59,2005-01-29,07:22:00,2005-01-28T18:22Z,0.37,0.0,0.0,0.0,0.0,0.0,0.0,0.0,0.37,0.0,0.0
IVARS 4-2,2005-01-29,,Cal,-77,172.8,174.14,2005-01-29,07:22:00,2005-01-28T18:22Z,0.37,0.0,0.0,0.0,0.0,0.0,0.37,0.0,0.0,0.0,0.0
IVARS 4-2,2005-01-29,,Cal,-77,172.8,175.73,2005-01-29,07:22:00,2005-01-28T18:22Z,0.74,0.0,0.0,0.0,0.0,0.0,0.0,0.0,0.0,0.0,0.74
IVARS 4-2,2005-01-29,,Cal,-77,172.8,179.07,2005-01-29,07:22:00,2005-01-28T18:22Z,0.37,0.0,0.0,0.0,0.37,0.0,0.0,0.0,0.0,0.0,0.0
IVARS 4-2,2005-01-29,,Cal,-77,172.8,180.72,2005-01-29,07:22:00,2005-01-28T18:22Z,0.74,0.0,0.0,0.0,0.0,0.0,0.0,0.37,0.0,0.0,0.37
IVARS 4-2,2005-01-29,,Cal,-77,172.8,182.13,2005-01-29,07:22:00,2005-01-28T18:22Z,0.37,0.0,0.0,0.0,0.0,0.0,0.0,0.0,0.0,0.0,0.37
IVARS 4-2,2005-01-29,,Cal,-77,172.8,187.49,2005-01-29,07:22:00,2005-01-28T18:22Z,0.37,0.0,0.0,0.0,0.0,0.0,0.0,0.0,0.0,0.37,0.0
IVARS 4-2,2005-01-29,,Cal,-77,172.8,193.78,2005-01-29,07:22:00,2005-01-28T18:22Z,0.37,0.0,0.0,0.0,0.0,0.0,0.0,0.0,0.37,0.0,0.0
IVARS 4-2,2005-01-29,,Cal,-77,172.8,205.52,2005-01-29,07:22:00,2005-01-28T18:22Z,0.37,0.0,0.0,0.0,0.37,0.0,0.0,0.0,0.0,0.0,0.0
IVARS 4-2,2005-01-29,,Cal,-77,172.8,260.93,2005-01-29,07:22:00,2005-01-28T18:22Z,0.37,0.0,0.0,0.0,0.37,0.0,0.0,0.0,0.0,0.0,0.0
IVARS 4-2,2005-01-29,,Cal,-77,172.8,262.77,2005-01-29,07:22:00,2005-01-28T18:22Z,0.37,0.0,0.0,0.0,0.0,0.0,0.0,0.0,0.0,0.0,0.37
IVARS 4-2,2005-01-29,,Cal,-77,172.8,290.89,2005-01-29,07:22:00,2005-01-28T18:22Z,0.74,0.0,0.0,0.0,0.0,0.0,0.37,0.0,0.37,0.0,0.0
IVARS 4-2,2005-01-29,,Cal,-77,172.8,311.92,2005-01-29,07:22:00,2005-01-28T18:22Z,0.37,0.0,0.0,0.0,0.37,0.0,0.0,0.0,0.0,0.0,0.0
IVARS 4-2,2005-01-29,,Cal,-77,172.8,336.75,2005-01-29,07:22:00,2005-01-28T18:22Z,0.37,0.0,0.0,0.0,0.37,0.0,0.0,0.0,0.0,0.0,0.0
IVARS 4-2,2005-01-29,,Cal,-77,172.8,386.97,2005-01-29,07:22:00,2005-01-28T18:22Z,0.37,0.0,0.0,0.0,0.37,0.0,0.0,0.0,0.0,0.0,0.0
IVARS 4-2,2005-01-29,,Cal,-77,172.8,434.07,2005-01-29,07:22:00,2005-01-28T18:22Z,0.37,0.0,0.0,0.0,0.0,0.37,0.0,0.0,0.0,0.0,0.0
IVARS 4-2,2005-01-29,,Cal,-77,172.8,464.42,2005-01-29,07:22:00,2005-01-28T18:22Z,0.37,0.0,0.0,0.37,0.0,0.0,0.0,0.0,0.0,0.0,0.0
IVARS 4-2,2005-01-29,,Cal,-77,172.8,513.36,2005-01-29,07:22:00,2005-01-28T18:22Z,0.74,0.0,0.0,0.0,0.0,0.0,0.37,0.37,0.0,0.0,0.0
IVARS 4-2,2005-01-29,,Cal,-77,172.8,527.26,2005-01-29,07:22:00,2005-01-28T18:22Z,0.37,0.0,0.0,0.0,0.0,0.0,0.37,0.0,0.0,0.0,0.0
IVARS 4-2,2005-01-29,,Cal,-77,172.8,530.48,2005-01-29,07:22:00,2005-01-28T18:22Z,0.37,0.0,0.0,0.0,0.0,0.0,0.0,0.0,0.37,0.0,0.0
IVARS 4-2,2005-01-29,,Cal,-77,172.8,545.86,2005-01-29,07:22:00,2005-01-28T18:22Z,0.37,0.0,0.0,0.0,0.0,0.0,0.0,0.0,0.0,0.0,0.37
IVARS 4-2,2005-01-29,,Cal,-77,172.8,561.02,2005-01-29,07:22:00,2005-01-28T18:22Z,0.37,0.0,0.0,0.37,0.0,0.0,0.0,0.0,0.0,0.0,0.0
IVARS 4-2,2005-01-29,,Cal,-77,172.8,569.84,2005-01-29,07:22:00,2005-01-28T18:22Z,0.37,0.0,0.0,0.37,0.0,0.0,0.0,0.0,0.0,0.0,0.0
IVARS 4-2,2005-01-29,,Cal,-77,172.8,570.88,2005-01-29,07:22:00,2005-01-28T18:22Z,0.37,0.0,0.0,0.0,0.0,0.0,0.37,0.0,0.0,0.0,0.0
IVARS 4-2,2005-01-29,,Cal,-77,172.8,572.89,2005-01-29,07:22:00,2005-01-28T18:22Z,0.37,0.0,0.0,0.37,0.0,0.0,0.0,0.0,0.0,0.0,0.0
IVARS 4-2,2005-01-29,,Cal,-77,172.8,575.84,2005-01-29,07:22:00,2005-01-28T18:22Z,1.47,0.0,0.0,0.74,0.37,0.0,0.37,0.0,0.0,0.0,0.0
IVARS 4-2,2005-01-29,,Cal,-77,172.8,577.69,2005-01-29,07:22:00,2005-01-28T18:22Z,0.74,0.0,0.0,0.37,0.0,0.37,0.0,0.0,0.0,0.0,0.0
IVARS 4-2,2005-01-29,,Cal,-77,172.8,585.96,2005-01-29,07:22:00,2005-01-28T18:22Z,0.37,0.0,0.0,0.0,0.37,0.0,0.0,0.0,0.0,0.0,0.0
IVARS 4-2,2005-01-29,,Cal,-77,172.8,589.34,2005-01-29,07:22:00,2005-01-28T18:22Z,0.37,0.0,0.0,0.0,0.37,0.0,0.0,0.0,0.0,0.0,0.0
IVARS 4-2,2005-01-29,,Cal,-77,172.8,596.04,2005-01-29,07:22:00,2005-01-28T18:22Z,1.11,0.0,0.0,0.0,0.0,0.37,0.74,0.0,0.0,0.0,0.0
IVARS 4-2,2005-01-29,,Cal,-77,172.8,597.59,2005-01-29,07:22:00,2005-01-28T18:22Z,0.37,0.0,0.0,0.0,0.0,0.0,0.37,0.0,0.0,0.0,0.0
IVARS 4-2,2005-01-29,,Cal,-77,172.8,604.09,2005-01-29,07:22:00,2005-01-28T18:22Z,0.37,0.0,0.0,0.0,0.0,0.0,0.37,0.0,0.0,0.0,0.0
IVARS 4-2,2005-01-29,,Cal,-77,172.8,603.66,2005-01-29,07:22:00,2005-01-28T18:22Z,0.37,0.0,0.0,0.37,0.0,0.0,0.0,0.0,0.0,0.0,0.0
IVARS 4-2,2005-01-29,,Cal,-77,172.8,597.45,2005-01-29,07:22:00,2005-01-28T18:22Z,1.11,0.0,0.0,0.0,0.37,0.0,0.37,0.37,0.0,0.0,0.0
IVARS 4-2,2005-01-29,,Cal,-77,172.8,588.47,2005-01-29,07:22:00,2005-01-28T18:22Z,0.37,0.0,0.0,0.37,0.0,0.0,0.0,0.0,0.0,0.0,0.0
IVARS 4-2,2005-01-29,,Cal,-77,172.8,583.84,2005-01-29,07:22:00,2005-01-28T18:22Z,0.37,0.0,0.0,0.0,0.0,0.0,0.0,0.0,0.37,0.0,0.0
IVARS 4-2,2005-01-29,,Cal,-77,172.8,574.15,2005-01-29,07:22:00,2005-01-28T18:22Z,0.74,0.0,0.0,0.37,0.37,0.0,0.0,0.0,0.0,0.0,0.0
IVARS 4-2,2005-01-29,,Cal,-77,172.8,565.56,2005-01-29,07:22:00,2005-01-28T18:22Z,0.37,0.0,0.0,0.0,0.0,0.37,0.0,0.0,0.0,0.0,0.0
IVARS 4-2,2005-01-29,,Cal,-77,172.8,556.71,2005-01-29,07:22:00,2005-01-28T18:22Z,0.74,0.0,0.0,0.0,0.74,0.0,0.0,0.0,0.0,0.0,0.0
IVARS 4-2,2005-01-29,,Cal,-77,172.8,538.15,2005-01-29,07:22:00,2005-01-28T18:22Z,0.37,0.0,0.0,0.0,0.0,0.37,0.0,0.0,0.0,0.0,0.0
IVARS 4-2,2005-01-29,,Cal,-77,172.8,527.26,2005-01-29,07:22:00,2005-01-28T18:22Z,0.74,0.0,0.37,0.37,0.0,0.0,0.0,0.0,0.0,0.0,0.0
IVARS 4-2,2005-01-29,,Cal,-77,172.8,462.32,2005-01-29,07:22:00,2005-01-28T18:22Z,0.37,0.0,0.0,0.0,0.0,0.0,0.0,0.0,0.0,0.0,0.37
IVARS 4-2,2005-01-29,,Cal,-77,172.8,452.29,2005-01-29,07:22:00,2005-01-28T18:22Z,0.37,0.0,0.0,0.0,0.0,0.0,0.37,0.0,0.0,0.0,0.0
IVARS 4-2,2005-01-29,,Cal,-77,172.8,245.6,2005-01-29,07:22:00,2005-01-28T18:22Z,0.37,0.0,0.0,0.0,0.37,0.0,0.0,0.0,0.0,0.0,0.0
IVARS 4-2,2005-01-29,,Cal,-77,172.8,191.03,2005-01-29,07:22:00,2005-01-28T18:22Z,0.37,0.0,0.0,0.0,0.0,0.0,0.0,0.0,0.37,0.0,0.0
IVARS 4-2,2005-01-29,,Cal,-77,172.8,173.24,2005-01-29,07:22:00,2005-01-28T18:22Z,0.37,0.0,0.0,0.0,0.0,0.0,0.0,0.0,0.0,0.0,0.37
IVARS 4-2,2005-01-29,,Cal,-77,172.8,168.76,2005-01-29,07:22:00,2005-01-28T18:22Z,0.37,0.0,0.0,0.0,0.0,0.37,0.0,0.0,0.0,0.0,0.0
IVARS 4-2,2005-01-29,,Cal,-77,172.8,163.58,2005-01-29,07:22:00,2005-01-28T18:22Z,0.37,0.0,0.0,0.37,0.0,0.0,0.0,0.0,0.0,0.0,0.0
IVARS 4-2,2005-01-29,,Cal,-77,172.8,159.03,2005-01-29,07:22:00,2005-01-28T18:22Z,1.11,0.0,0.0,0.0,0.37,0.0,0.0,0.0,0.37,0.37,0.0
IVARS 4-2,2005-01-29,,Cal,-77,172.8,154.33,2005-01-29,07:22:00,2005-01-28T18:22Z,0.37,0.0,0.0,0.0,0.0,0.0,0.0,0.0,0.37,0.0,0.0
IVARS 4-2,2005-01-29,,Cal,-77,172.8,149.75,2005-01-29,07:22:00,2005-01-28T18:22Z,0.74,0.0,0.0,0.0,0.0,0.37,0.0,0.37,0.0,0.0,0.0
IVARS 4-2,2005-01-29,,Cal,-77,172.8,145.34,2005-01-29,07:22:00,2005-01-28T18:22Z,1.11,0.0,0.0,0.0,0.0,0.0,0.0,0.0,0.37,0.74,0.0
IVARS 4-2,2005-01-29,,Cal,-77,172.8,140.66,2005-01-29,07:22:00,2005-01-28T18:22Z,4.06,0.0,0.0,0.37,0.0,0.37,0.74,0.74,0.74,0.37,0.74
IVARS 4-2,2005-01-29,,Cal,-77,172.8,136.13,2005-01-29,07:22:00,2005-01-28T18:22Z,7.01,0.0,0.74,1.11,0.74,1.47,0.37,1.47,0.37,0.37,0.37
IVARS 4-2,2005-01-29,,Cal,-77,172.8,131.48,2005-01-29,07:22:00,2005-01-28T18:22Z,8.48,0.0,0.74,0.37,1.11,1.11,0.37,1.47,1.11,1.11,1.11
IVARS 4-2,2005-01-29,,Cal,-77,172.8,127.59,2005-01-29,07:22:00,2005-01-28T18:22Z,6.64,0.0,0.0,0.74,1.11,0.37,1.11,1.47,0.74,0.37,0.74
IVARS 4-2,2005-01-29,,Cal,-77,172.8,122.82,2005-01-29,07:22:00,2005-01-28T18:22Z,3.69,0.0,0.0,0.0,0.0,0.37,1.47,0.74,0.37,0.74,0.0
IVARS 4-2,2005-01-29,,Cal,-77,172.8,117.94,2005-01-29,07:22:00,2005-01-28T18:22Z,7.74,0.0,0.0,0.0,0.37,1.84,2.58,1.47,0.37,0.37,0.74
IVARS 4-2,2005-01-29,,Cal,-77,172.8,113.07,2005-01-29,07:22:00,2005-01-28T18:22Z,8.48,0.0,0.0,0.0,0.37,0.37,1.84,1.84,1.47,1.47,1.11
IVARS 4-2,2005-01-29,,Cal,-77,172.8,108.48,2005-01-29,07:22:00,2005-01-28T18:22Z,8.85,0.0,0.0,1.11,0.74,0.74,2.21,0.74,1.84,0.37,1.11
IVARS 4-2,2005-01-29,,Cal,-77,172.8,103.91,2005-01-29,07:22:00,2005-01-28T18:22Z,7.37,0.0,0.0,2.21,1.11,0.37,1.84,1.11,0.74,0.0,0.0
IVARS 4-2,2005-01-29,,Cal,-77,172.8,99.09,2005-01-29,07:22:00,2005-01-28T18:22Z,10.69,0.0,0.0,0.37,1.11,1.84,2.21,2.21,0.74,0.74,1.47
IVARS 4-2,2005-01-29,,Cal,-77,172.8,94.49,2005-01-29,07:22:00,2005-01-28T18:22Z,14.01,0.0,0.37,1.11,2.95,3.32,1.84,2.21,1.11,0.74,0.37
IVARS 4-2,2005-01-29,,Cal,-77,172.8,89.68,2005-01-29,07:22:00,2005-01-28T18:22Z,8.11,0.0,0.0,0.74,3.69,0.74,1.47,0.74,0.37,0.37,0.0
IVARS 4-2,2005-01-29,,Cal,-77,172.8,84.86,2005-01-29,07:22:00,2005-01-28T18:22Z,8.85,0.0,0.37,2.21,2.95,1.47,0.74,0.0,0.74,0.0,0.37
IVARS 4-2,2005-01-29,,Cal,-77,172.8,80.23,2005-01-29,07:22:00,2005-01-28T18:22Z,18.44,0.0,0.0,1.84,4.06,4.06,3.69,3.32,0.74,0.74,0.0
IVARS 4-2,2005-01-29,,Cal,-77,172.8,75.75,2005-01-29,07:22:00,2005-01-28T18:22Z,7.74,0.0,0.0,0.37,1.11,1.84,2.58,1.47,0.37,0.0,0.0
IVARS 4-2,2005-01-29,,Cal,-77,172.8,71.02,2005-01-29,07:22:00,2005-01-28T18:22Z,10.32,0.0,0.0,4.79,1.84,2.21,1.47,0.0,0.0,0.0,0.0
IVARS 4-2,2005-01-29,,Cal,-77,172.8,65.83,2005-01-29,07:22:00,2005-01-28T18:22Z,9.96,0.0,0.0,1.47,2.58,4.06,1.11,0.37,0.37,0.0,0.0
IVARS 4-2,2005-01-29,,Cal,-77,172.8,61.45,2005-01-29,07:22:00,2005-01-28T18:22Z,7.37,0.0,0.0,1.47,3.69,1.84,0.37,0.0,0.0,0.0,0.0
IVARS 4-2,2005-01-29,,Cal,-77,172.8,56.97,2005-01-29,07:22:00,2005-01-28T18:22Z,6.27,0.0,0.37,2.58,1.47,0.74,0.74,0.0,0.37,0.0,0.0
IVARS 4-2,2005-01-29,,Cal,-77,172.8,51.88,2005-01-29,07:22:00,2005-01-28T18:22Z,8.11,0.0,0.0,1.11,3.32,1.84,1.84,0.0,0.0,0.0,0.0
IVARS 4-2,2005-02-01,,53,-76.41,171.784,60.32,2005-02-01,20:58:00,2005-02-01T07:58Z,35.03,0.0,1.11,9.59,9.96,8.48,2.58,1.84,1.11,0.37,0.0
IVARS 4-2,2005-02-01,,53,-76.41,171.784,61.81,2005-02-01,20:58:00,2005-02-01T07:58Z,43.51,0.0,0.37,7.74,10.32,12.17,6.27,1.47,2.58,1.84,0.74
IVARS 4-2,2005-02-01,,53,-76.41,171.784,63.41,2005-02-01,20:58:00,2005-02-01T07:58Z,25.44,0.0,2.21,7.01,10.69,2.95,1.47,0.37,0.74,0.0,0.0
IVARS 4-2,2005-02-01,,53,-76.41,171.784,65.48,2005-02-01,20:58:00,2005-02-01T07:58Z,26.55,0.0,1.47,6.27,7.74,7.74,2.58,0.0,0.74,0.0,0.0
IVARS 4-2,2005-02-01,,53,-76.41,171.784,67.15,2005-02-01,20:58:00,2005-02-01T07:58Z,37.61,0.0,0.37,9.96,12.17,8.48,1.11,4.06,0.74,0.37,0.37
IVARS 4-2,2005-02-01,,53,-76.41,171.784,68.68,2005-02-01,20:58:00,2005-02-01T07:58Z,34.29,0.0,1.11,4.79,11.8,8.48,5.16,1.47,0.74,0.0,0.74
IVARS 4-2,2005-02-01,,53,-76.41,171.784,70.89,2005-02-01,20:58:00,2005-02-01T07:58Z,30.97,0.0,0.0,7.37,5.16,8.11,5.16,2.21,1.47,0.74,0.74
IVARS 4-2,2005-02-01,,53,-76.41,171.784,72.46,2005-02-01,20:58:00,2005-02-01T07:58Z,15.86,0.0,1.47,7.01,3.69,1.84,0.74,1.11,0.0,0.0,0.0
IVARS 4-2,2005-02-01,,53,-76.41,171.784,73.9,2005-02-01,20:58:00,2005-02-01T07:58Z,40.56,0.0,1.84,7.74,15.49,7.01,3.69,3.32,1.11,0.37,0.0
IVARS 4-2,2005-02-01,,53,-76.41,171.784,75.48,2005-02-01,20:58:00,2005-02-01T07:58Z,20.65,0.0,0.0,3.32,7.37,5.16,2.21,0.74,1.84,0.0,0.0
IVARS 4-2,2005-02-01,,53,-76.41,171.784,77.81,2005-02-01,20:58:00,2005-02-01T07:58Z,11.8,0.0,0.37,2.58,2.58,3.32,1.84,1.11,0.0,0.0,0.0
IVARS 4-2,2005-02-01,,53,-76.41,171.784,79.4,2005-02-01,20:58:00,2005-02-01T07:58Z,15.49,0.0,0.0,0.74,4.79,4.42,3.69,1.47,0.37,0.0,0.0
IVARS 4-2,2005-02-01,,53,-76.41,171.784,81.08,2005-02-01,20:58:00,2005-02-01T07:58Z,10.69,0.0,0.0,0.37,1.84,2.21,3.32,1.11,1.47,0.37,0.0
IVARS 4-2,2005-02-01,,53,-76.41,171.784,82.77,2005-02-01,20:58:00,2005-02-01T07:58Z,11.06,0.0,0.0,2.58,1.47,1.47,2.95,1.11,0.37,0.37,0.74
IVARS 4-2,2005-02-01,,53,-76.41,171.784,84.71,2005-02-01,20:58:00,2005-02-01T07:58Z,12.91,0.0,0.0,1.47,2.58,3.32,3.32,1.11,1.11,0.0,0.0
IVARS 4-2,2005-02-01,,53,-76.41,171.784,86.62,2005-02-01,20:58:00,2005-02-01T07:58Z,7.74,0.0,0.0,1.11,0.37,2.58,1.47,1.47,0.37,0.37,0.0
IVARS 4-2,2005-02-01,,53,-76.41,171.784,88.53,2005-02-01,20:58:00,2005-02-01T07:58Z,2.58,0.0,0.0,0.37,0.74,0.37,0.0,0.37,0.37,0.37,0.0
IVARS 4-2,2005-02-01,,53,-76.41,171.784,90.02,2005-02-01,20:58:00,2005-02-01T07:58Z,3.32,0.0,0.0,0.37,1.11,0.37,0.0,1.11,0.37,0.0,0.0
IVARS 4-2,2005-02-01,,53,-76.41,171.784,91.92,2005-02-01,20:58:00,2005-02-01T07:58Z,0.74,0.0,0.0,0.0,0.0,0.74,0.0,0.0,0.0,0.0,0.0
IVARS 4-2,2005-02-01,,53,-76.41,171.784,93.2,2005-02-01,20:58:00,2005-02-01T07:58Z,2.58,0.0,0.0,0.37,0.37,0.37,0.37,0.0,1.11,0.0,0.0
IVARS 4-2,2005-02-01,,53,-76.41,171.784,95.7,2005-02-01,20:58:00,2005-02-01T07:58Z,1.11,0.0,0.0,0.0,0.0,0.37,0.0,0.74,0.0,0.0,0.0
IVARS 4-2,2005-02-01,,53,-76.41,171.784,97.1,2005-02-01,20:58:00,2005-02-01T07:58Z,1.47,0.0,0.0,0.37,0.37,0.37,0.0,0.0,0.37,0.0,0.0
IVARS 4-2,2005-02-01,,53,-76.41,171.784,101.09,2005-02-01,20:58:00,2005-02-01T07:58Z,1.84,0.0,0.0,0.0,0.0,0.74,1.11,0.0,0.0,0.0,0.0
IVARS 4-2,2005-02-01,,53,-76.41,171.784,102.57,2005-02-01,20:58:00,2005-02-01T07:58Z,0.37,0.0,0.0,0.0,0.0,0.0,0.37,0.0,0.0,0.0,0.0
IVARS 4-2,2005-02-01,,53,-76.41,171.784,127.59,2005-02-01,20:58:00,2005-02-01T07:58Z,0.37,0.0,0.0,0.37,0.0,0.0,0.0,0.0,0.0,0.0,0.0
IVARS 4-2,2005-02-01,,53,-76.41,171.784,129.54,2005-02-01,20:58:00,2005-02-01T07:58Z,0.37,0.0,0.0,0.0,0.0,0.0,0.37,0.0,0.0,0.0,0.0
IVARS 4-2,2005-02-01,,53,-76.41,171.784,131.15,2005-02-01,20:58:00,2005-02-01T07:58Z,0.74,0.0,0.0,0.0,0.0,0.0,0.0,0.0,0.74,0.0,0.0
IVARS 4-2,2005-02-01,,53,-76.41,171.784,144.66,2005-02-01,20:58:00,2005-02-01T07:58Z,0.74,0.0,0.0,0.0,0.0,0.0,0.0,0.0,0.0,0.0,0.74
IVARS 4-2,2005-02-01,,53,-76.41,171.784,146.33,2005-02-01,20:58:00,2005-02-01T07:58Z,1.47,0.0,0.0,0.0,0.0,0.74,0.0,0.37,0.37,0.0,0.0
IVARS 4-2,2005-02-01,,53,-76.41,171.784,149.66,2005-02-01,20:58:00,2005-02-01T07:58Z,0.74,0.0,0.0,0.0,0.0,0.37,0.0,0.37,0.0,0.0,0.0
IVARS 4-2,2005-02-01,,53,-76.41,171.784,151.75,2005-02-01,20:58:00,2005-02-01T07:58Z,0.37,0.0,0.0,0.0,0.0,0.37,0.0,0.0,0.0,0.0,0.0
IVARS 4-2,2005-02-01,,53,-76.41,171.784,153.42,2005-02-01,20:58:00,2005-02-01T07:58Z,0.37,0.0,0.0,0.0,0.0,0.0,0.0,0.0,0.0,0.37,0.0
IVARS 4-2,2005-02-01,,53,-76.41,171.784,154.81,2005-02-01,20:58:00,2005-02-01T07:58Z,0.74,0.0,0.0,0.0,0.0,0.0,0.0,0.0,0.0,0.37,0.37
IVARS 4-2,2005-02-01,,53,-76.41,171.784,158.29,2005-02-01,20:58:00,2005-02-01T07:58Z,0.37,0.0,0.0,0.0,0.0,0.0,0.37,0.0,0.0,0.0,0.0
IVARS 4-2,2005-02-01,,53,-76.41,171.784,164.9,2005-02-01,20:58:00,2005-02-01T07:58Z,0.37,0.0,0.0,0.0,0.0,0.0,0.0,0.0,0.0,0.0,0.37
IVARS 4-2,2005-02-01,,53,-76.41,171.784,166.5,2005-02-01,20:58:00,2005-02-01T07:58Z,1.11,0.0,0.0,0.37,0.0,0.0,0.0,0.0,0.0,0.0,0.74
IVARS 4-2,2005-02-01,,53,-76.41,171.784,169.69,2005-02-01,20:58:00,2005-02-01T07:58Z,0.37,0.0,0.0,0.0,0.0,0.0,0.0,0.0,0.0,0.37,0.0
IVARS 4-2,2005-02-01,,53,-76.41,171.784,315.13,2005-02-01,20:58:00,2005-02-01T07:58Z,0.37,0.0,0.0,0.37,0.0,0.0,0.0,0.0,0.0,0.0,0.0
IVARS 4-2,2005-02-01,,53,-76.41,171.784,400.62,2005-02-01,20:58:00,2005-02-01T07:58Z,0.37,0.0,0.0,0.0,0.0,0.0,0.0,0.0,0.0,0.37,0.0
IVARS 4-2,2005-02-01,,53,-76.41,171.784,470.19,2005-02-01,20:58:00,2005-02-01T07:58Z,0.37,0.0,0.0,0.37,0.0,0.0,0.0,0.0,0.0,0.0,0.0
IVARS 4-2,2005-02-01,,53,-76.41,171.784,491.14,2005-02-01,20:58:00,2005-02-01T07:58Z,0.37,0.0,0.0,0.0,0.0,0.0,0.37,0.0,0.0,0.0,0.0
IVARS 4-2,2005-02-01,,53,-76.41,171.784,539.52,2005-02-01,20:58:00,2005-02-01T07:58Z,0.37,0.0,0.0,0.0,0.0,0.37,0.0,0.0,0.0,0.0,0.0
IVARS 4-2,2005-02-01,,53,-76.41,171.784,544.4,2005-02-01,20:58:00,2005-02-01T07:58Z,0.37,0.0,0.0,0.37,0.0,0.0,0.0,0.0,0.0,0.0,0.0
IVARS 4-2,2005-02-01,,53,-76.41,171.784,547.78,2005-02-01,20:58:00,2005-02-01T07:58Z,0.37,0.0,0.0,0.0,0.0,0.0,0.37,0.0,0.0,0.0,0.0
IVARS 4-2,2005-02-01,,53,-76.41,171.784,564.28,2005-02-01,20:58:00,2005-02-01T07:58Z,0.74,0.0,0.0,0.0,0.37,0.0,0.37,0.0,0.0,0.0,0.0
IVARS 4-2,2005-02-01,,53,-76.41,171.784,570.66,2005-02-01,20:58:00,2005-02-01T07:58Z,1.11,0.0,0.0,0.37,0.37,0.0,0.37,0.0,0.0,0.0,0.0
IVARS 4-2,2005-02-01,,53,-76.41,171.784,572.35,2005-02-01,20:58:00,2005-02-01T07:58Z,0.74,0.0,0.0,0.37,0.0,0.0,0.37,0.0,0.0,0.0,0.0
IVARS 4-2,2005-02-01,,53,-76.41,171.784,577.37,2005-02-01,20:58:00,2005-02-01T07:58Z,0.74,0.0,0.0,0.0,0.37,0.0,0.0,0.0,0.0,0.0,0.37
IVARS 4-2,2005-02-01,,53,-76.41,171.784,587.5,2005-02-01,20:58:00,2005-02-01T07:58Z,0.37,0.0,0.0,0.0,0.0,0.37,0.0,0.0,0.0,0.0,0.0
IVARS 4-2,2005-02-01,,53,-76.41,171.784,590.88,2005-02-01,20:58:00,2005-02-01T07:58Z,0.37,0.0,0.0,0.0,0.0,0.0,0.0,0.37,0.0,0.0,0.0
IVARS 4-2,2005-02-01,,53,-76.41,171.784,594.28,2005-02-01,20:58:00,2005-02-01T07:58Z,0.37,0.0,0.0,0.0,0.37,0.0,0.0,0.0,0.0,0.0,0.0
IVARS 4-2,2005-02-01,,53,-76.41,171.784,595.97,2005-02-01,20:58:00,2005-02-01T07:58Z,0.37,0.0,0.0,0.0,0.0,0.0,0.0,0.37,0.0,0.0,0.0
IVARS 4-2,2005-02-01,,53,-76.41,171.784,602.75,2005-02-01,20:58:00,2005-02-01T07:58Z,0.37,0.0,0.0,0.0,0.0,0.37,0.0,0.0,0.0,0.0,0.0
IVARS 4-2,2005-02-01,,53,-76.41,171.784,614.61,2005-02-01,20:58:00,2005-02-01T07:58Z,0.37,0.0,0.0,0.0,0.0,0.0,0.0,0.0,0.0,0.37,0.0
IVARS 4-2,2005-02-01,,53,-76.41,171.784,616.63,2005-02-01,20:58:00,2005-02-01T07:58Z,0.37,0.0,0.0,0.0,0.37,0.0,0.0,0.0,0.0,0.0,0.0
IVARS 4-2,2005-02-01,,53,-76.41,171.784,623.01,2005-02-01,20:58:00,2005-02-01T07:58Z,0.37,0.0,0.0,0.0,0.0,0.37,0.0,0.0,0.0,0.0,0.0
IVARS 4-2,2005-02-01,,53,-76.41,171.784,628.64,2005-02-01,20:58:00,2005-02-01T07:58Z,0.37,0.0,0.0,0.37,0.0,0.0,0.0,0.0,0.0,0.0,0.0
IVARS 4-2,2005-02-01,,53,-76.41,171.784,630.31,2005-02-01,20:58:00,2005-02-01T07:58Z,0.37,0.0,0.0,0.0,0.37,0.0,0.0,0.0,0.0,0.0,0.0
IVARS 4-2,2005-02-01,,53,-76.41,171.784,633.57,2005-02-01,20:58:00,2005-02-01T07:58Z,0.37,0.0,0.0,0.37,0.0,0.0,0.0,0.0,0.0,0.0,0.0
IVARS 4-2,2005-02-01,,53,-76.41,171.784,635.65,2005-02-01,20:58:00,2005-02-01T07:58Z,0.37,0.0,0.0,0.0,0.0,0.0,0.0,0.0,0.0,0.0,0.37
IVARS 4-2,2005-02-01,,53,-76.41,171.784,640.41,2005-02-01,20:58:00,2005-02-01T07:58Z,0.74,0.0,0.0,0.74,0.0,0.0,0.0,0.0,0.0,0.0,0.0
IVARS 4-2,2005-02-01,,53,-76.41,171.784,642.58,2005-02-01,20:58:00,2005-02-01T07:58Z,0.74,0.0,0.0,0.37,0.0,0.37,0.0,0.0,0.0,0.0,0.0
IVARS 4-2,2005-02-01,,53,-76.41,171.784,644.43,2005-02-01,20:58:00,2005-02-01T07:58Z,0.74,0.0,0.0,0.0,0.74,0.0,0.0,0.0,0.0,0.0,0.0
IVARS 4-2,2005-02-01,,53,-76.41,171.784,647.1,2005-02-01,20:58:00,2005-02-01T07:58Z,0.37,0.0,0.0,0.0,0.0,0.0,0.0,0.37,0.0,0.0,0.0
IVARS 4-2,2005-02-01,,53,-76.41,171.784,634.94,2005-02-01,20:58:00,2005-02-01T07:58Z,0.37,0.0,0.0,0.0,0.37,0.0,0.0,0.0,0.0,0.0,0.0
IVARS 4-2,2005-02-01,,53,-76.41,171.784,573.96,2005-02-01,20:58:00,2005-02-01T07:58Z,0.37,0.0,0.0,0.0,0.0,0.37,0.0,0.0,0.0,0.0,0.0
IVARS 4-2,2005-02-01,,53,-76.41,171.784,535.57,2005-02-01,20:58:00,2005-02-01T07:58Z,0.37,0.0,0.0,0.0,0.0,0.0,0.0,0.37,0.0,0.0,0.0
IVARS 4-2,2005-02-01,,53,-76.41,171.784,134.84,2005-02-01,20:58:00,2005-02-01T07:58Z,0.74,0.0,0.0,0.0,0.0,0.0,0.0,0.37,0.0,0.0,0.37
IVARS 4-2,2005-02-01,,53,-76.41,171.784,129.7,2005-02-01,20:58:00,2005-02-01T07:58Z,0.37,0.0,0.0,0.0,0.0,0.0,0.0,0.0,0.0,0.0,0.37
IVARS 4-2,2005-02-01,,53,-76.41,171.784,50.89,2005-02-01,20:58:00,2005-02-01T07:58Z,3.32,0.0,0.0,0.0,0.0,1.47,1.11,0.74,0.0,0.0,0.0
IVARS 4-2,2005-02-01,,53,-76.41,171.784,46.55,2005-02-01,20:58:00,2005-02-01T07:58Z,6.27,0.0,0.0,0.37,1.11,2.21,0.37,0.74,1.11,0.0,0.37
IVARS 4-2,2005-02-01,,53,-76.41,171.784,41.54,2005-02-01,20:58:00,2005-02-01T07:58Z,5.16,0.0,0.0,0.74,1.47,1.47,0.37,0.74,0.37,0.0,0.0
IVARS 4-2,2005-02-01,,53,-76.41,171.784,34.6,2005-02-01,20:58:00,2005-02-01T07:58Z,4.42,0.0,0.0,1.11,1.47,0.74,1.11,0.0,0.0,0.0,0.0
IVARS 4-2,2005-02-01,,53,-76.41,171.784,29.29,2005-02-01,20:58:00,2005-02-01T07:58Z,0.74,0.0,0.0,0.0,0.37,0.37,0.0,0.0,0.0,0.0,0.0
IVARS 4-2,2005-02-01,,53,-76.41,171.784,24.91,2005-02-01,20:58:00,2005-02-01T07:58Z,4.42,0.0,0.0,0.37,1.47,1.11,0.37,0.74,0.37,0.0,0.0
