* Sea-Bird SBE 25 Data File:,,,,,,,,,,,,,,,,,,,,,,,,,,,,,,
* FileName = E:\CTD\CAST002.hdr,,,,,,,,,,,,,,,,,,,,,,,,,,,,,,
* Software Version Seasave V 7.21g,,,,,,,,,,,,,,,,,,,,,,,,,,,,,,
* Temperature SN = 2684,,,,,,,,,,,,,,,,,,,,,,,,,,,,,,
* Conductivity SN = 2868,,,,,,,,,,,,,,,,,,,,,,,,,,,,,,
* System UpLoad Time = Jan 26 2016 19:32:10,,,,,,,,,,,,,,,,,,,,,,,,,,,,,,
* NMEA Latitude = 31 28.8073 N,,,,,,,,,,,,,,,,,,,,,,,,,,,,,,
* NMEA Longitude = 080 26.7587 W,,,,,,,,,,,,,,,,,,,,,,,,,,,,,,
* NMEA UTC (Time) = none,,,,,,,,,,,,,,,,,,,,,,,,,,,,,,
* Store Lat/Lon Data = Append to Every Scan,,,,,,,,,,,,,,,,,,,,,,,,,,,,,,
** Ship:,,,,,,,,,,,,,,,,,,,,,,,,,,,,,,
** Station:,,,,,,,,,,,,,,,,,,,,,,,,,,,,,,
** Operator:,,,,,,,,,,,,,,,,,,,,,,,,,,,,,,
* Real-Time Sample Interval = 0.2500 seconds,,,,,,,,,,,,,,,,,,,,,,,,,,,,,,
* System UTC = Jan 26 2016 19:32:10,,,,,,,,,,,,,,,,,,,,,,,,,,,,,,
Latitude [deg],Longitude [deg],"Salinity, Practical [PSU]","Temperature [ITS-90, deg C]",Voltage 0,"Depth [salt water, m]",Conductivity [uS/cm],Conductivity [mS/cm],Conductivity [S/m],"Density [density, kg/m^3]","Density [sigma-theta, kg/m^3]","Density [sigma-t, kg/m^3 ]","Density [sigma-1, kg/m^3 ]","Density [sigma-4, kg/m^3 ]","Depth [salt water, m]",Descent Rate [m/s],"Fluorescence, WET Labs WETstar [mg/m^3]","Fluorescence, WET Labs WETstar, 2 [mg/m^3]","Fluorescence, WET Labs WETstar, Diff, 2 - 1 [mg/m^3]","Time, Elapsed [minutes]",Voltage 1,Voltage 2,Voltage 3,Voltage 4,"PAR/Irradiance, Biospherical/Licor","Oxygen, SBE 43 [% saturation]",Nitrogen Saturation [mg/l],Bottles Fired,Bottle Position in Carousel,Acceleration [m/s^2],flag:  0.000e+00
31.48012,-80.44598,36.1897,17.443,0.1087,1.064,4.67E+04,46.712688,4.671269,1026.3254,26.3208,26.3207,30.6262,42.9852,1.064,0,0.8572,2.8469,1.9897,0,0.2259,0.3321,1.895,0.8706,4.79E+02,78.402,12.32128,0,0,0,0.00E+00
31.48012,-80.44598,36.19,17.4429,0.105,1.064,4.67E+04,46.712979,4.671298,1026.3257,26.321,26.321,30.6265,42.9854,1.064,0,0.8063,2.7113,1.9051,0.0042,0.2186,0.3321,1.8889,0.8803,4.65E+02,77.928,12.32127,0,0,0,0.00E+00
31.48012,-80.44598,36.1891,17.4432,0.1087,1.064,4.67E+04,46.712252,4.671225,1026.325,26.3203,26.3202,30.6258,42.9847,1.064,0,0.8572,2.6888,1.8316,0.0083,0.2173,0.398,1.8828,0.9109,4.25E+02,77.355,12.32128,0,0,0,0.00E+00
31.48012,-80.44598,36.1877,17.4435,0.105,1.167,4.67E+04,46.711016,4.671102,1026.3243,26.3191,26.3191,30.6246,42.9836,1.167,0.028,0.8063,2.8017,1.9954,0.0125,0.2234,0.398,1.8767,0.8767,4.71E+02,76.717,12.32133,0,0,0.11,0.00E+00
31.4801,-80.446,36.1843,17.4441,0.1038,1.271,4.67E+04,46.707745,4.670775,1026.3219,26.3163,26.3163,30.6218,42.9808,1.271,0.076,0.7893,2.8469,2.0576,0.0167,0.2259,0.398,1.8706,0.8803,4.65E+02,76.046,12.32147,0,0,0.19,0.00E+00
31.4801,-80.446,36.1833,17.4454,0.1038,1.271,4.67E+04,46.707963,4.670796,1026.3209,26.3153,26.3152,30.6208,42.9797,1.271,0.111,0.7893,2.8017,2.0124,0.0208,0.2234,0.3736,1.8657,0.9206,4.13E+02,75.469,12.32128,0,0,0.14,0.00E+00
31.4801,-80.446,36.183,17.4463,0.1111,1.374,4.67E+04,46.708618,4.670862,1026.3209,26.3149,26.3148,30.6203,42.9792,1.374,0.16,0.8911,2.8695,1.9783,0.025,0.2271,0.3736,1.8632,0.9133,4.22E+02,75.135,12.32111,0,0,0.19,0.00E+00
31.4801,-80.446,36.1825,17.4467,0.1087,1.374,4.67E+04,46.7084,4.67084,1026.3204,26.3143,26.3143,30.6198,42.9787,1.374,0.188,0.8572,2.8695,2.0123,0.0292,0.2271,0.3736,1.862,0.906,4.31E+02,75.014,12.32106,0,0,0.11,0.00E+00
31.4801,-80.446,36.1827,17.4473,0.105,1.478,4.67E+04,46.709272,4.670927,1026.3209,26.3144,26.3143,30.6198,42.9787,1.478,0.222,0.8063,2.8695,2.0632,0.0333,0.2271,0.3736,1.8596,0.8974,4.42E+02,74.951,12.32093,0,0,0.14,0.00E+00
31.4801,-80.446,36.1847,17.4474,0.105,1.478,4.67E+04,46.711671,4.671167,1026.3224,26.3159,26.3158,30.6213,42.9801,1.478,0.229,0.8063,2.8695,2.0632,0.0375,0.2271,0.3907,1.8608,0.906,4.31E+02,75.31,12.32075,0,0,0.03,0.00E+00
31.4801,-80.446,36.1873,17.4476,0.105,1.478,4.67E+04,46.71487,4.671487,1026.3243,26.3178,26.3177,30.6232,42.9819,1.478,0.208,0.8063,2.8243,2.018,0.0417,0.2247,0.3907,1.8571,0.8901,4.52E+02,75.337,12.32049,0,0,-0.08,0.00E+00
31.4801,-80.446,36.1907,17.4476,0.105,1.478,4.67E+04,46.718796,4.67188,1026.3269,26.3204,26.3203,30.6258,42.9845,1.478,0.16,0.8063,2.8243,2.018,0.0458,0.2247,0.3907,1.8523,0.9255,4.07E+02,75.196,12.32021,0,0,-0.19,0.00E+00
31.4801,-80.446,36.1939,17.4477,0.1062,1.374,4.67E+04,46.722577,4.672258,1026.3289,26.3229,26.3228,30.6282,42.9869,1.374,0.09,0.8233,2.8243,2.001,0.05,0.2247,0.3907,1.8474,0.9255,4.07E+02,74.949,12.31993,0,0,-0.28,0.00E+00
31.4801,-80.446,36.195,17.4478,0.1074,1.374,4.67E+04,46.723958,4.672396,1026.3297,26.3237,26.3236,30.629,42.9876,1.374,0.042,0.8402,2.8469,2.0066,0.0542,0.2259,0.4005,1.8413,0.8999,4.39E+02,74.495,12.31982,0,0,-0.19,0.00E+00
31.4801,-80.446,36.1956,17.4476,0.1074,1.374,4.67E+04,46.724394,4.672439,1026.3302,26.3242,26.3241,30.6295,42.9881,1.374,-0.014,0.8402,2.8695,2.0292,0.0583,0.2271,0.4005,1.8339,0.8913,4.50E+02,73.841,12.31982,0,0,-0.22,0.00E+00
31.4801,-80.446,36.1953,17.4476,0.1062,1.374,4.67E+04,46.723958,4.672396,1026.33,26.3239,26.3239,30.6293,42.9879,1.374,-0.042,0.8233,2.8921,2.0688,0.0625,0.2283,0.4005,1.8266,0.9072,4.30E+02,73.133,12.31986,0,0,-0.11,0.00E+00
31.4801,-80.446,36.1941,17.4476,0.1013,1.374,4.67E+04,46.722649,4.672265,1026.329,26.323,26.3229,30.6284,42.987,1.374,-0.069,0.7554,2.8695,2.1141,0.0667,0.2271,0.4371,1.8181,0.8999,4.39E+02,72.338,12.31994,0,0,-0.11,0.00E+00
31.4801,-80.446,36.1931,17.4478,0.1026,1.374,4.67E+04,46.721704,4.67217,1026.3282,26.3222,26.3221,30.6275,42.9862,1.374,-0.063,0.7723,2.8469,2.0745,0.0708,0.2259,0.4383,1.8095,0.8901,4.52E+02,71.53,12.31998,0,0,0.03,0.00E+00
31.4801,-80.446,36.1936,17.4478,0.1026,1.374,4.67E+04,46.722286,4.672229,1026.3286,26.3226,26.3225,30.6279,42.9866,1.374,-0.049,0.7723,2.8921,2.1197,0.075,0.2283,0.4383,1.8022,0.8877,4.55E+02,70.935,12.31994,0,0,0.06,0.00E+00
31.4801,-80.446,36.1956,17.4476,0.1013,1.374,4.67E+04,46.724394,4.672439,1026.3302,26.3242,26.3241,30.6295,42.9881,1.374,-0.028,0.7554,2.8695,2.1141,0.0792,0.2271,0.4383,1.7949,0.9109,4.25E+02,70.4,12.31982,0,0,0.08,0.00E+00
31.4801,-80.446,36.1982,17.4477,0.1013,1.374,4.67E+04,46.727448,4.672745,1026.3321,26.3261,26.3261,30.6315,42.99,1.374,1.68E-15,0.7554,2.8469,2.0915,0.0833,0.2259,0.4298,1.7875,0.9145,4.20E+02,69.911,12.31959,0,0,0.11,0.00E+00
31.4801,-80.446,36.2007,17.4478,0.1013,1.374,4.67E+04,46.730502,4.67305,1026.3341,26.328,26.328,30.6334,42.9919,1.374,1.68E-15,0.7554,2.8469,2.0915,0.0875,0.2259,0.4298,1.7814,0.8767,4.71E+02,69.576,12.31936,0,0,0,0.00E+00
31.4801,-80.446,36.2022,17.4478,0.1038,1.374,4.67E+04,46.732174,4.673217,1026.3352,26.3292,26.3291,30.6345,42.9929,1.374,1.68E-15,0.7893,2.8469,2.0576,0.0917,0.2259,0.4298,1.7741,0.9023,4.36E+02,69.206,12.31925,0,0,0,0.00E+00
31.4801,-80.446,36.2013,17.4479,0.1026,1.374,4.67E+04,46.731302,4.67313,1026.3345,26.3285,26.3284,30.6338,42.9923,1.374,0,0.7723,2.8017,2.0294,0.0958,0.2234,0.4298,1.7692,0.9463,3.82E+02,69.032,12.3193,0,0,-6.74E-15,0.00E+00
31.4801,-80.446,36.1983,17.448,0.1001,1.374,4.67E+04,46.727884,4.672788,1026.3321,26.3261,26.3261,30.6314,42.99,1.374,3.37E-15,0.7384,2.8469,2.1085,0.1,0.2259,0.4652,1.7631,0.9231,4.10E+02,68.81,12.31952,0,0,1.35E-14,0.00E+00
31.4801,-80.446,36.1952,17.448,0.1001,1.478,4.67E+04,46.724395,4.672439,1026.3302,26.3238,26.3237,30.6291,42.9877,1.478,0.028,0.7384,2.8469,2.1085,0.1042,0.2259,0.4652,1.757,0.8987,4.41E+02,68.568,12.31977,0,0,0.11,0.00E+00
31.4801,-80.446,36.1952,17.448,0.1013,1.478,4.67E+04,46.724395,4.672439,1026.3302,26.3238,26.3237,30.6291,42.9877,1.478,0.049,0.7554,2.8921,2.1367,0.1083,0.2283,0.4652,1.7521,0.8889,4.54E+02,68.388,12.31977,0,0,0.08,0.00E+00
31.4801,-80.446,36.1961,17.4478,0.1001,1.478,4.67E+04,46.725267,4.672527,1026.331,26.3245,26.3245,30.6299,42.9885,1.478,0.063,0.7384,2.8469,2.1085,0.1125,0.2259,0.4274,1.746,0.8974,4.42E+02,68.119,12.31973,0,0,0.06,0.00E+00
31.4801,-80.446,36.1959,17.448,0.1013,1.478,4.67E+04,46.725195,4.672519,1026.3308,26.3243,26.3242,30.6296,42.9882,1.478,0.069,0.7554,2.8469,2.0915,0.1167,0.2259,0.4261,1.7411,0.906,4.31E+02,67.919,12.31971,0,0,0.03,0.00E+00
31.4801,-80.446,36.1958,17.4476,0.1026,1.478,4.67E+04,46.724758,4.672476,1026.3308,26.3244,26.3243,30.6297,42.9883,1.478,0.069,0.7723,2.8017,2.0294,0.1208,0.2234,0.4261,1.7363,0.8913,4.50E+02,67.705,12.3198,0,0,-2.70E-14,0.00E+00
31.4801,-80.446,36.1953,17.4475,0.1038,1.374,4.67E+04,46.723958,4.672396,1026.33,26.324,26.324,30.6294,42.988,1.374,0.035,0.7893,2.8017,2.0124,0.125,0.2234,0.4261,1.7314,0.8877,4.55E+02,67.498,12.31987,0,0,-0.14,0.00E+00
31.4801,-80.446,36.1954,17.4474,0.105,1.374,4.67E+04,46.723958,4.672396,1026.3301,26.3241,26.3241,30.6295,42.9881,1.374,0,0.8063,2.7565,1.9502,0.1292,0.221,0.3871,1.7277,0.9011,4.38E+02,67.352,12.31989,0,0,-0.14,0.00E+00
31.4801,-80.446,36.1976,17.4471,0.105,1.271,4.67E+04,46.726139,4.672614,1026.3314,26.3259,26.3258,30.6312,42.9898,1.271,-0.063,0.8063,2.8017,1.9954,0.1333,0.2234,0.3871,1.7228,0.8926,4.49E+02,67.151,12.31977,0,0,-0.25,0.00E+00
31.4801,-80.446,36.1958,17.4475,0.1038,1.167,4.67E+04,46.724393,4.672439,1026.3295,26.3244,26.3243,30.6297,42.9883,1.167,-0.146,0.7893,2.7791,1.9898,0.1375,0.2222,0.3871,1.7179,0.9255,4.07E+02,66.93,12.31984,0,0,-0.33,0.00E+00
31.4801,-80.446,36.1937,17.4472,0.1062,1.167,4.67E+04,46.721703,4.67217,1026.328,26.3229,26.3228,30.6282,42.9869,1.167,-0.181,0.8233,2.8243,2.001,0.1417,0.2247,0.3871,1.7143,0.9072,4.30E+02,66.778,12.32007,0,0,-0.14,0.00E+00
31.4801,-80.446,36.192,17.4475,0.105,1.271,4.67E+04,46.720104,4.67201,1026.327,26.3215,26.3214,30.6269,42.9855,1.271,-0.167,0.8063,2.8017,1.9954,0.1458,0.2234,0.381,1.7106,0.9048,4.33E+02,66.647,12.32014,0,0,0.06,0.00E+00
31.4801,-80.446,36.1909,17.4478,0.1282,1.271,4.67E+04,46.719232,4.671923,1026.3261,26.3206,26.3205,30.6259,42.9846,1.271,-0.139,1.1288,2.7791,1.6504,0.15,0.2222,0.381,1.707,0.8864,4.57E+02,66.495,12.32015,0,0,0.11,0.00E+00
31.4801,-80.446,36.1966,17.4482,0.1197,1.271,4.67E+04,46.726139,4.672614,1026.3304,26.3248,26.3247,30.6301,42.9887,1.271,-0.097,1.0099,2.7565,1.7466,0.1542,0.221,0.381,1.7045,0.8889,4.54E+02,66.438,12.31961,0,0,0.17,0.00E+00
31.4801,-80.446,36.2022,17.4482,0.105,1.374,4.67E+04,46.732611,4.673261,1026.3351,26.3291,26.329,30.6344,42.9928,1.374,-0.014,0.8063,2.8243,2.018,0.1583,0.2247,0.4054,1.7009,0.8889,4.54E+02,66.3,12.31916,0,0,0.33,0.00E+00
31.4801,-80.446,36.2051,17.4483,0.105,1.374,4.67E+04,46.736101,4.67361,1026.3374,26.3313,26.3313,30.6366,42.995,1.374,0.042,0.8063,2.8469,2.0406,0.1625,0.2259,0.4078,1.6984,0.8767,4.71E+02,66.236,12.31891,0,0,0.22,0.00E+00
31.4801,-80.446,36.2069,17.448,0.1062,1.374,4.67E+04,46.737846,4.673785,1026.3388,26.3328,26.3327,30.638,42.9964,1.374,0.097,0.8233,2.8469,2.0236,0.1667,0.2259,0.4066,1.696,0.8828,4.62E+02,66.199,12.31882,0,0,0.22,0.00E+00
31.4801,-80.446,36.2064,17.4482,0.1062,1.271,4.67E+04,46.737409,4.673741,1026.3379,26.3323,26.3323,30.6376,42.996,1.271,0.09,0.8233,2.8017,1.9784,0.1708,0.2234,0.4078,1.6923,0.9035,4.34E+02,66.053,12.31882,0,0,-0.03,0.00E+00
31.4801,-80.446,36.2059,17.4483,0.1062,1.271,4.67E+04,46.736973,4.673697,1026.3375,26.3319,26.3319,30.6372,42.9956,1.271,0.049,0.8233,2.8017,1.9784,0.175,0.2234,0.4579,1.6886,0.9182,4.16E+02,65.861,12.31884,0,0,-0.17,0.00E+00
31.4801,-80.446,36.2049,17.4482,0.105,1.271,4.67E+04,46.735664,4.673566,1026.3367,26.3311,26.3311,30.6364,42.9948,1.271,0,0.8063,2.8243,2.018,0.1792,0.2247,0.4579,1.685,0.9267,4.05E+02,65.65,12.31895,0,0,-0.19,0.00E+00
31.4801,-80.446,36.2044,17.4484,0.1062,1.167,4.67E+04,46.735227,4.673523,1026.3359,26.3307,26.3307,30.636,42.9944,1.167,-0.049,0.8233,2.8243,2.001,0.1833,0.2247,0.4579,1.6801,0.9084,4.28E+02,65.323,12.31895,0,0,-0.19,0.00E+00
31.4801,-80.446,36.2067,17.4483,0.105,1.167,4.67E+04,46.737845,4.673785,1026.3377,26.3326,26.3325,30.6378,42.9962,1.167,-0.09,0.8063,2.7565,1.9502,0.1875,0.221,0.4579,1.674,0.8779,4.69E+02,64.863,12.31878,0,0,-0.17,0.00E+00
31.4801,-80.446,36.2082,17.4484,0.1038,1.167,4.67E+04,46.739591,4.673959,1026.3388,26.3336,26.3336,30.6389,42.9972,1.167,-0.125,0.7893,2.7565,1.9672,0.1917,0.221,0.4029,1.6691,0.884,4.60E+02,64.477,12.31865,0,0,-0.14,0.00E+00
31.4801,-80.446,36.2092,17.4486,0.105,1.167,4.67E+04,46.740899,4.67409,1026.3394,26.3343,26.3343,30.6396,42.9979,1.167,-0.118,0.8063,2.8017,1.9954,0.1958,0.2234,0.4042,1.6667,0.9145,4.20E+02,64.268,12.31853,0,0,0.03,0.00E+00
31.4801,-80.446,36.209,17.4487,0.1062,1.271,4.67E+04,46.7409,4.67409,1026.3398,26.3342,26.3342,30.6395,42.9978,1.271,-0.069,0.8233,2.8243,2.001,0.2,0.2247,0.4042,1.6606,0.9231,4.10E+02,63.841,12.31852,0,0,0.19,0.00E+00
31.4801,-80.446,36.2087,17.4486,0.1013,1.271,4.67E+04,46.740464,4.674046,1026.3396,26.334,26.334,30.6393,42.9976,1.271,-0.014,0.7554,2.7565,2.0012,0.2042,0.221,0.3993,1.6545,0.9121,4.23E+02,63.421,12.31856,0,0,0.22,0.00E+00
31.4801,-80.446,36.2068,17.4486,0.1038,1.374,4.67E+04,46.738283,4.673828,1026.3386,26.3325,26.3325,30.6378,42.9962,1.374,0.042,0.7893,2.8017,2.0124,0.2083,0.2234,0.398,1.6496,0.9096,4.26E+02,63.089,12.31872,0,0,0.22,0.00E+00
31.4801,-80.446,36.2034,17.4485,0.1038,1.478,4.67E+04,46.734356,4.673436,1026.3365,26.33,26.3299,30.6353,42.9937,1.478,0.118,0.7893,2.8243,2.035,0.2125,0.2247,0.3993,1.6447,0.9121,4.23E+02,62.784,12.31901,0,0,0.31,0.00E+00
31.4801,-80.446,36.1996,17.4486,0.1197,1.478,4.67E+04,46.730066,4.673007,1026.3335,26.327,26.327,30.6323,42.9908,1.478,0.181,1.0099,2.8243,1.8143,0.2167,0.2247,0.398,1.6386,0.9267,4.05E+02,62.416,12.31929,0,0,0.25,0.00E+00
31.4801,-80.446,36.1981,17.4486,0.1245,1.478,4.67E+04,46.728321,4.672832,1026.3323,26.3259,26.3258,30.6312,42.9897,1.478,0.195,1.0778,2.8017,1.7239,0.2208,0.2234,0.4457,1.6337,0.9267,4.05E+02,62.129,12.31941,0,0,0.06,0.00E+00
31.4801,-80.446,36.1964,17.4484,0.1111,1.478,4.67E+04,46.72614,4.672614,1026.3311,26.3246,26.3245,30.6299,42.9885,1.478,0.188,0.8911,2.8017,1.9106,0.225,0.2234,0.4457,1.6288,0.9109,4.25E+02,61.823,12.31959,0,0,-0.03,0.00E+00
31.4801,-80.446,36.193,17.4492,0.1087,1.478,4.67E+04,46.723086,4.672309,1026.3283,26.3218,26.3218,30.6272,42.9858,1.478,0.16,0.8572,2.8017,1.9445,0.2292,0.2234,0.4457,1.6252,0.8999,4.39E+02,61.619,12.3197,0,0,-0.11,0.00E+00
31.4801,-80.446,36.1904,17.4499,0.1099,1.478,4.67E+04,46.720832,4.672083,1026.3261,26.3196,26.3196,30.625,42.9836,1.478,0.111,0.8742,2.7791,1.9049,0.2333,0.2222,0.4457,1.6215,0.9048,4.33E+02,61.506,12.31975,0,0,-0.19,0.00E+00
31.4801,-80.446,36.1891,17.4503,0.1209,1.374,4.67E+04,46.719668,4.671967,1026.3245,26.3185,26.3185,30.6239,42.9825,1.374,0.049,1.0269,2.7791,1.7522,0.2375,0.2222,0.3834,1.619,0.9365,3.94E+02,61.488,12.31977,0,0,-0.25,0.00E+00
31.4801,-80.446,36.1878,17.4505,0.1209,1.374,4.67E+04,46.718359,4.671836,1026.3235,26.3175,26.3174,30.6229,42.9815,1.374,-0.021,1.0269,2.8017,1.7748,0.2417,0.2234,0.3834,1.6166,0.9328,3.98E+02,61.477,12.31984,0,0,-0.28,0.00E+00
31.4801,-80.446,36.1872,17.4507,0.1197,1.374,4.67E+04,46.717923,4.671792,1026.323,26.317,26.317,30.6224,42.981,1.374,-0.063,1.0099,2.8017,1.7918,0.2458,0.2234,0.3834,1.6166,0.9096,4.26E+02,61.675,12.31985,0,0,-0.17,0.00E+00
31.4801,-80.446,36.187,17.4507,0.1221,1.374,4.67E+04,46.717777,4.671778,1026.3229,26.3168,26.3168,30.6222,42.9808,1.374,-0.069,1.0439,2.7565,1.7126,0.25,0.221,0.3858,1.6178,0.9121,4.23E+02,62.015,12.31984,0,0,-0.03,0.00E+00
31.4801,-80.446,36.1878,17.4509,0.1319,1.374,4.67E+04,46.718795,4.67188,1026.3234,26.3174,26.3174,30.6228,42.9814,1.374,-0.069,1.1797,2.8695,1.6898,0.2542,0.2271,0.3871,1.619,0.9084,4.28E+02,62.361,12.31976,0,0,-8.09E-14,0.00E+00
31.4801,-80.446,36.19,17.451,0.1294,1.374,4.67E+04,46.721413,4.672141,1026.325,26.319,26.319,30.6244,42.9829,1.374,-0.063,1.1457,2.8243,1.6786,0.2583,0.2247,0.3871,1.6227,0.8913,4.50E+02,62.896,12.31955,0,0,0.03,0.00E+00
31.4801,-80.446,36.1922,17.4509,0.127,1.374,4.67E+04,46.723958,4.672396,1026.3268,26.3208,26.3207,30.6261,42.9846,1.374,-0.049,1.1118,2.8469,1.7351,0.2625,0.2259,0.3871,1.6252,0.8877,4.55E+02,63.343,12.31939,0,0,0.06,0.00E+00
31.4801,-80.446,36.1948,17.451,0.1233,1.374,4.67E+04,46.726939,4.672694,1026.3287,26.3227,26.3226,30.628,42.9865,1.374,-0.028,1.0609,2.8695,1.8086,0.2667,0.2271,0.3919,1.6276,0.9023,4.36E+02,63.764,12.31917,0,0,0.08,0.00E+00
31.4801,-80.446,36.1939,17.4512,0.1233,1.374,4.67E+04,46.726139,4.672614,1026.328,26.322,26.3219,30.6273,42.9858,1.374,-6.74E-15,1.0609,2.8243,1.7634,0.2708,0.2247,0.3919,1.6276,0.8913,4.50E+02,63.936,12.31919,0,0,0.11,0.00E+00
31.4801,-80.446,36.1915,17.4509,0.1184,1.374,4.67E+04,46.723085,4.672309,1026.3263,26.3203,26.3202,30.6256,42.9841,1.374,6.74E-15,0.993,2.8243,1.8313,0.275,0.2247,0.3919,1.6288,0.8864,4.57E+02,64.104,12.31946,0,0,5.39E-14,0.00E+00
31.4801,-80.446,36.188,17.4511,0.1087,1.271,4.67E+04,46.719231,4.671923,1026.323,26.3175,26.3174,30.6228,42.9814,1.271,-0.028,0.8572,2.8695,2.0123,0.2792,0.2271,0.3919,1.6276,0.8913,4.50E+02,63.988,12.31968,0,0,-0.11,0.00E+00
31.4801,-80.446,36.1881,17.451,0.1062,1.271,4.67E+04,46.719231,4.671923,1026.3232,26.3176,26.3175,30.6229,42.9815,1.271,-0.049,0.8233,2.8469,2.0236,0.2833,0.2259,0.3968,1.6264,0.8852,4.59E+02,63.788,12.3197,0,0,-0.08,0.00E+00
31.4801,-80.446,36.1871,17.4512,0.1074,1.167,4.67E+04,46.718213,4.671821,1026.3219,26.3167,26.3167,30.6221,42.9807,1.167,-0.09,0.8402,2.8017,1.9615,0.2875,0.2234,0.3968,1.6252,0.8974,4.42E+02,63.54,12.31974,0,0,-0.17,0.00E+00
31.4801,-80.446,36.1881,17.4515,0.1074,1.167,4.67E+04,46.719667,4.671967,1026.3225,26.3174,26.3174,30.6228,42.9813,1.167,-0.118,0.8402,2.7565,1.9163,0.2917,0.221,0.3968,1.6239,0.906,4.31E+02,63.26,12.31959,0,0,-0.11,0.00E+00
31.4801,-80.446,36.1901,17.4518,0.1038,1.167,4.67E+04,46.722284,4.672228,1026.3241,26.3189,26.3189,30.6243,42.9828,1.167,-0.132,0.7893,2.7339,1.9446,0.2958,0.2198,0.3834,1.6227,0.8828,4.62E+02,63.027,12.31938,0,0,-0.06,0.00E+00
31.4801,-80.446,36.1928,17.4516,0.1111,1.167,4.67E+04,46.725265,4.672527,1026.3262,26.3211,26.321,30.6264,42.9849,1.167,-0.132,0.8911,2.8243,1.9331,0.3,0.2247,0.3797,1.6215,0.9023,4.36E+02,62.833,12.31919,0,0,2.42E-08,0.00E+00
31.4801,-80.446,36.1941,17.4518,0.1172,1.271,4.67E+04,46.726938,4.672694,1026.3276,26.322,26.322,30.6273,42.9858,1.271,-0.09,0.976,2.8243,1.8483,0.3042,0.2247,0.381,1.6215,0.9206,4.13E+02,62.794,12.31906,0,0,0.17,0.00E+00
31.4801,-80.446,36.1931,17.4517,0.1148,1.271,4.67E+04,46.725702,4.67257,1026.3268,26.3213,26.3212,30.6266,42.985,1.271,-0.042,0.9421,2.8469,1.9048,0.3083,0.2259,0.3797,1.6203,0.9426,3.87E+02,62.693,12.31915,0,0,0.19,0.00E+00
31.4801,-80.446,36.1911,17.4518,0.1074,1.374,4.67E+04,46.723521,4.672352,1026.3257,26.3197,26.3197,30.625,42.9835,1.374,0.042,0.8402,2.8017,1.9615,0.3125,0.2234,0.3822,1.619,0.917,4.17E+02,62.638,12.3193,0,0,0.33,0.00E+00
31.4801,-80.446,36.1891,17.452,0.1038,1.374,4.67E+04,46.721413,4.672141,1026.3241,26.3181,26.3181,30.6235,42.982,1.374,0.09,0.7893,2.8243,2.035,0.3167,0.2247,0.381,1.6178,0.917,4.17E+02,62.577,12.31942,0,0,0.19,0.00E+00
31.4801,-80.446,36.1886,17.4525,0.105,1.478,4.67E+04,46.721413,4.672141,1026.3241,26.3176,26.3175,30.6229,42.9814,1.478,0.16,0.8063,2.8017,1.9954,0.3208,0.2234,0.381,1.6154,0.8999,4.39E+02,62.415,12.31934,0,0,0.28,0.00E+00
31.4801,-80.446,36.1891,17.4531,0.1038,1.374,4.67E+04,46.722576,4.672258,1026.3239,26.3179,26.3178,30.6232,42.9817,1.374,0.153,0.7893,2.7565,1.9672,0.325,0.221,0.3822,1.6142,0.9011,4.38E+02,62.319,12.31918,0,0,-0.03,0.00E+00
31.4801,-80.446,36.1897,17.4537,0.1038,1.478,4.67E+04,46.723958,4.672396,1026.3247,26.3182,26.3181,30.6235,42.9819,1.478,0.16,0.7893,2.7565,1.9672,0.3292,0.221,0.3675,1.6117,0.9121,4.23E+02,62.13,12.319,0,0,0.03,0.00E+00
31.4801,-80.446,36.178,17.4563,0.1074,1.478,4.67E+04,46.713124,4.671312,1026.315,26.3085,26.3085,30.6139,42.9724,1.478,0.146,0.8402,2.9372,2.097,0.3333,0.2308,0.3675,1.6105,0.9048,4.33E+02,62.016,12.31939,0,0,-0.06,0.00E+00
31.4801,-80.446,35.9938,17.4633,0.1099,1.478,4.65E+04,46.50829,4.650829,1026.172,26.1655,26.1654,30.4719,42.8334,1.478,0.111,0.8742,3.1631,2.2889,0.3375,0.243,0.3675,1.6093,0.9426,3.87E+02,61.908,12.3327,0,0,-0.14,0.00E+00
31.4801,-80.446,36.1746,17.4648,0.116,1.374,4.67E+04,46.717921,4.671792,1026.3099,26.3039,26.3038,30.6091,42.9672,1.374,0.063,0.959,3.0728,2.1137,0.3417,0.2381,0.3736,1.6105,0.9744,3.52E+02,62.028,12.31786,0,0,-0.19,0.00E+00
31.4801,-80.446,36.1751,17.4639,0.1282,1.374,4.67E+04,46.717485,4.671748,1026.3105,26.3045,26.3044,30.6097,42.9679,1.374,0.007,1.1288,3.0276,1.8988,0.3458,0.2357,0.3822,1.6203,0.9194,4.14E+02,62.865,12.31802,0,0,-0.22,0.00E+00
31.4801,-80.446,36.1757,17.4639,0.1734,1.374,4.67E+04,46.718212,4.671821,1026.311,26.3049,26.3049,30.6102,42.9684,1.374,-0.021,1.7567,2.7791,1.0224,0.35,0.2222,0.3822,1.6545,0.8742,4.74E+02,65.774,12.31797,0,0,-0.11,0.00E+00
31.4801,-80.446,36.176,17.4637,0.1282,1.374,4.67E+04,46.718357,4.671836,1026.3113,26.3052,26.3052,30.6104,42.9686,1.374,-0.049,1.1288,2.508,1.3793,0.3542,0.2076,0.3822,1.7106,0.895,4.46E+02,70.903,12.31799,0,0,-0.11,0.00E+00
31.4801,-80.446,36.1742,17.4665,0.1197,1.374,4.67E+04,46.719229,4.671923,1026.3092,26.3032,26.3031,30.6084,42.9665,1.374,-0.042,1.0099,2.3273,1.3174,0.3583,0.1978,0.3773,1.779,0.9316,3.99E+02,77.626,12.31753,0,0,0.03,0.00E+00
31.4801,-80.446,36.1759,17.4663,0.1209,1.374,4.67E+04,46.720974,4.672097,1026.3105,26.3045,26.3044,30.6097,42.9677,1.374,-0.063,1.0269,2.2144,1.1875,0.3625,0.1917,0.3773,1.8449,0.9255,4.07E+02,84.721,12.31743,0,0,-0.08,0.00E+00
31.4801,-80.446,36.1756,17.4669,0.1087,1.374,4.67E+04,46.721265,4.672126,1026.3102,26.3041,26.3041,30.6093,42.9673,1.374,-0.049,0.8572,2.1692,1.312,0.3667,0.1893,0.3773,1.906,0.9206,4.13E+02,91.55,12.31733,0,0,0.06,0.00E+00
31.4801,-80.446,36.1785,17.4643,0.1074,1.374,4.67E+04,46.721847,4.672185,1026.313,26.307,26.3069,30.6122,42.9703,1.374,-0.028,0.8402,2.0789,1.2386,0.3708,0.1844,0.3773,1.9573,0.8974,4.42E+02,97.32,12.31766,0,0,0.08,0.00E+00
31.4801,-80.446,36.1828,17.4527,0.1062,1.374,4.67E+04,46.714869,4.671487,1026.3192,26.3131,26.3131,30.6185,42.9771,1.374,0,0.8233,2.0789,1.2556,0.375,0.1844,0.37,2,0.8852,4.59E+02,101.635,12.31978,0,0,0.11,0.00E+00
31.4801,-80.446,36.173,17.4586,0.1087,1.271,4.67E+04,46.709706,4.670971,1026.3098,26.3042,26.3041,30.6095,42.968,1.271,-0.028,0.8572,2.0563,1.1991,0.3792,0.1832,0.3712,2.0379,0.8608,4.93E+02,104.399,12.3193,0,0,-0.11,0.00E+00
31.4801,-80.446,36.175,17.4614,0.105,1.271,4.67E+04,46.714867,4.671487,1026.3106,26.305,26.3049,30.6103,42.9686,1.271,-0.049,0.8063,2.0337,1.2274,0.3833,0.1819,0.3712,2.0672,0.8999,4.39E+02,105.275,12.31854,0,0,-0.08,0.00E+00
31.4801,-80.446,36.1747,17.4601,0.1062,1.271,4.67E+04,46.713123,4.671312,1026.3107,26.3051,26.305,30.6104,42.9688,1.271,-0.063,0.8233,1.9659,1.1427,0.3875,0.1783,0.3675,2.0904,0.9182,4.16E+02,104.822,12.31886,0,0,-0.06,0.00E+00
31.4801,-80.446,36.175,17.4582,0.1013,1.167,4.67E+04,46.71145,4.671145,1026.3109,26.3058,26.3057,30.6111,42.9695,1.167,-0.097,0.7554,2.0111,1.2557,0.3917,0.1807,0.3724,2.1123,0.9035,4.34E+02,103.936,12.31923,0,0,-0.14,0.00E+00
31.4801,-80.446,36.1741,17.4637,0.1172,1.271,4.67E+04,46.716176,4.671618,1026.3094,26.3038,26.3037,30.609,42.9673,1.271,-0.09,0.976,2.0111,1.0351,0.3958,0.1807,0.3724,2.1282,0.9255,4.07E+02,102.727,12.31814,0,0,0.03,0.00E+00
31.4801,-80.446,36.1786,17.4599,0.1111,1.271,4.67E+04,46.717485,4.671748,1026.3137,26.3082,26.3081,30.6134,42.9717,1.271,-0.076,0.8911,2.0111,1.12,0.4,0.1807,0.3724,2.1404,0.9048,4.33E+02,101.475,12.31857,0,0,0.06,0.00E+00
31.4801,-80.446,36.1826,17.4454,0.1087,1.271,4.67E+04,46.707091,4.670709,1026.3203,26.3147,26.3147,30.6202,42.9791,1.271,-0.056,0.8572,2.0111,1.1539,0.4042,0.1807,0.3846,2.1526,0.8816,4.64E+02,100.545,12.32134,0,0,0.08,0.00E+00
31.4801,-80.446,36.2184,17.4004,0.1026,1.271,4.67E+04,46.701936,4.670194,1026.3587,26.3532,26.3531,30.6592,43.0196,1.271,-0.028,0.7723,1.9659,1.1936,0.4083,0.1783,0.3846,2.1624,0.8987,4.41E+02,99.752,12.32802,0,0,0.11,0.00E+00
31.4801,-80.446,36.2081,17.36,0.1074,1.374,4.66E+04,46.648597,4.66486,1026.3612,26.3551,26.3551,30.6619,43.0244,1.374,0.035,0.8402,1.9433,1.1031,0.4125,0.177,0.3846,2.1685,0.9267,4.05E+02,98.928,12.33745,0,0,0.25,0.00E+00
31.4801,-80.446,36.1821,17.3656,0.1233,1.374,4.66E+04,46.624476,4.662448,1026.3398,26.3337,26.3337,30.6406,43.0033,1.374,0.063,1.0609,1.9207,0.8599,0.4167,0.1758,0.3846,2.1746,0.9158,4.19E+02,98.332,12.33835,0,0,0.11,0.00E+00
31.4801,-80.446,36.1915,17.359,0.138,1.374,4.66E+04,46.628545,4.662854,1026.3486,26.3426,26.3425,30.6495,43.0123,1.374,0.083,1.2645,1.9433,0.6788,0.4208,0.177,0.3687,2.177,0.8974,4.42E+02,97.64,12.33899,0,0,0.08,0.00E+00
31.4801,-80.446,36.1786,17.3673,0.116,1.374,4.66E+04,46.622296,4.66223,1026.3367,26.3307,26.3306,30.6375,43.0002,1.374,0.097,0.959,1.8982,0.9391,0.425,0.1746,0.3687,2.1795,0.9096,4.26E+02,97.032,12.33826,0,0,0.06,0.00E+00
31.4801,-80.446,36.1771,17.3756,0.1013,1.374,4.66E+04,46.628978,4.662898,1026.3335,26.3275,26.3275,30.6342,42.9965,1.374,0.069,0.7554,1.8982,1.1428,0.4292,0.1746,0.3687,2.1819,0.9219,4.11E+02,96.589,12.33663,0,0,-0.11,0.00E+00
31.4801,-80.446,36.1772,17.3769,0.1074,1.374,4.66E+04,46.630504,4.66305,1026.3333,26.3273,26.3272,30.634,42.9962,1.374,0.063,0.8402,1.853,1.0128,0.4333,0.1722,0.3626,2.1832,0.917,4.17E+02,96.16,12.33634,0,0,-0.03,0.00E+00
31.4801,-80.446,36.164,17.3957,0.1087,1.374,4.66E+04,46.634642,4.663464,1026.3186,26.3126,26.3125,30.619,42.9806,1.374,0.049,0.8572,1.853,0.9958,0.4375,0.1722,0.3651,2.1868,0.9194,4.14E+02,95.977,12.3334,0,0,-0.06,0.00E+00
31.4801,-80.446,36.1952,17.3787,0.1233,1.374,4.67E+04,46.653027,4.665303,1026.3467,26.3406,26.3406,30.6472,43.009,1.374,0.028,1.0609,1.853,0.7921,0.4417,0.1722,0.3651,2.188,0.9145,4.20E+02,95.769,12.3345,0,0,-0.08,0.00E+00
31.4801,-80.446,36.1801,17.378,0.1013,1.374,4.66E+04,46.634862,4.663486,1026.3352,26.3292,26.3292,30.6358,42.998,1.374,-1.35E-14,0.7554,1.853,1.0976,0.4458,0.1722,0.3663,2.1893,0.9145,4.20E+02,95.658,12.33588,0,0,-0.11,0.00E+00
31.4801,-80.446,36.1844,17.3729,0.0989,1.374,4.66E+04,46.634645,4.663465,1026.3398,26.3337,26.3337,30.6404,43.0028,1.374,-1.35E-14,0.7214,1.8304,1.109,0.45,0.1709,0.685,2.1917,0.9194,4.14E+02,95.689,12.33661,0,0,0,0.00E+00
31.4801,-80.446,36.1893,17.3509,0.0965,1.374,4.66E+04,46.617577,4.661758,1026.3489,26.3429,26.3428,30.6499,43.0132,1.374,-2.70E-14,0.6875,1.853,1.1655,0.4542,0.1722,0.685,2.1929,0.906,4.31E+02,95.72,12.34091,0,0,-5.39E-14,0.00E+00
31.4801,-80.446,36.1833,17.3476,0.0989,1.374,4.66E+04,46.607263,4.660726,1026.3451,26.3391,26.339,30.6462,43.0097,1.374,-1.35E-14,0.7214,1.853,1.1316,0.4583,0.1722,0.685,2.1941,0.9084,4.28E+02,95.742,12.3421,0,0,5.39E-14,0.00E+00
31.4801,-80.446,36.183,17.344,0.0977,1.374,4.66E+04,46.603341,4.660334,1026.3458,26.3397,26.3397,30.6469,43.0106,1.374,1.35E-14,0.7045,1.853,1.1485,0.4625,0.1722,0.685,2.1954,0.9084,4.28E+02,95.764,12.34288,0,0,1.08E-13,0.00E+00
31.4801,-80.446,36.1796,17.3444,0.1136,1.478,4.66E+04,46.599855,4.659986,1026.3435,26.337,26.337,30.6442,43.008,1.478,0.028,0.9251,1.853,0.9279,0.4667,0.1722,0.3663,2.1954,0.9182,4.16E+02,95.699,12.34308,0,0,0.11,0.00E+00
31.4801,-80.446,36.1793,17.3452,0.1038,1.374,4.66E+04,46.600291,4.660029,1026.3426,26.3366,26.3365,30.6438,43.0075,1.374,0.021,0.7893,1.8304,1.0411,0.4708,0.1709,0.3663,2.1966,0.9194,4.14E+02,95.686,12.34292,0,0,-0.03,0.00E+00
31.4801,-80.446,36.1773,17.3475,0.1062,1.374,4.66E+04,46.60029,4.660029,1026.3405,26.3345,26.3344,30.6416,43.0053,1.374,0.014,0.8233,1.8078,0.9845,0.475,0.1697,0.3663,2.1966,0.9109,4.25E+02,95.633,12.3426,0,0,-0.03,0.00E+00
31.4801,-80.446,36.1752,17.3511,0.0989,1.374,4.66E+04,46.601597,4.66016,1026.338,26.332,26.3319,30.6391,43.0026,1.374,0.007,0.7214,1.8304,1.109,0.4792,0.1709,0.3614,2.1954,0.917,4.17E+02,95.465,12.342,0,0,-0.03,0.00E+00
31.4801,-80.446,36.1728,17.3579,0.0977,1.374,4.66E+04,46.605881,4.660588,1026.3345,26.3285,26.3285,30.6355,42.9988,1.374,0,0.7045,1.853,1.1485,0.4833,0.1722,0.381,2.1978,0.9328,3.98E+02,95.547,12.34074,0,0,-0.03,0.00E+00
31.4801,-80.446,36.1738,17.3615,0.1123,1.374,4.66E+04,46.610747,4.661075,1026.3345,26.3284,26.3284,30.6354,42.9984,1.374,-0.007,0.9081,1.8304,0.9223,0.4875,0.1709,0.381,2.1978,0.9219,4.11E+02,95.514,12.33989,0,0,-0.03,0.00E+00
31.4801,-80.446,36.1786,17.3581,0.1001,1.478,4.66E+04,46.612782,4.661278,1026.3394,26.3329,26.3329,30.6399,43.003,1.478,0.014,0.7384,1.853,1.1146,0.4917,0.1722,0.381,2.1978,0.9121,4.23E+02,95.482,12.34023,0,0,0.08,0.00E+00
31.4801,-80.446,36.1822,17.3503,0.0989,1.478,4.66E+04,46.608934,4.660893,1026.3441,26.3376,26.3375,30.6447,43.0081,1.478,0.028,0.7214,1.8304,1.109,0.4958,0.1709,0.3663,2.1966,0.9231,4.10E+02,95.362,12.3416,0,0,0.06,0.00E+00
31.4801,-80.446,36.1791,17.3475,0.1013,1.478,4.66E+04,46.60247,4.660247,1026.3424,26.3359,26.3358,30.643,43.0067,1.478,0.035,0.7554,1.853,1.0976,0.5,0.1722,0.3663,2.1966,0.9365,3.94E+02,95.329,12.34245,0,0,0.03,0.00E+00
31.4801,-80.446,36.1769,17.3496,0.1026,1.478,4.66E+04,46.602034,4.660203,1026.3402,26.3337,26.3336,30.6408,43.0044,1.478,0.069,0.7723,1.8304,1.0581,0.5042,0.1709,0.3663,2.1978,0.9316,3.99E+02,95.383,12.34219,0,0,0.14,0.00E+00
31.4801,-80.446,36.1768,17.3509,0.1062,1.478,4.66E+04,46.603341,4.660334,1026.3397,26.3332,26.3332,30.6403,43.0038,1.478,0.069,0.8233,1.853,1.0297,0.5083,0.1722,0.3663,2.1978,0.9182,4.16E+02,95.39,12.3419,0,0,0,0.00E+00
31.4801,-80.446,36.1755,17.3531,0.1013,1.478,4.66E+04,46.604139,4.660414,1026.3382,26.3317,26.3317,30.6388,43.0022,1.478,0.063,0.7554,1.8756,1.1202,0.5125,0.1734,0.3553,2.1978,0.9109,4.25E+02,95.39,12.34154,0,0,-0.03,0.00E+00
31.4801,-80.446,36.1731,17.3571,0.1013,1.478,4.66E+04,46.605446,4.660545,1026.3354,26.3289,26.3288,30.6359,42.9992,1.478,0.049,0.7554,1.8304,1.075,0.5167,0.1709,0.3553,2.1966,0.884,4.60E+02,95.255,12.34088,0,0,-0.06,0.00E+00
31.4801,-80.446,36.1661,17.3709,0.1001,1.374,4.66E+04,46.611472,4.661147,1026.3262,26.3202,26.3201,30.627,42.9898,1.374,1.35E-14,0.7384,1.853,1.1146,0.5208,0.1722,0.3553,2.1966,0.9048,4.33E+02,95.246,12.33852,0,0,-0.19,0.00E+00
31.4801,-80.446,36.1677,17.3767,0.1099,1.374,4.66E+04,46.619389,4.661939,1026.3261,26.32,26.32,30.6267,42.9892,1.374,-0.049,0.8742,1.8078,0.9336,0.525,0.1697,0.3516,2.1929,0.9109,4.25E+02,94.961,12.33714,0,0,-0.19,0.00E+00
31.4801,-80.446,36.1721,17.3861,0.1136,1.167,4.66E+04,46.633989,4.663399,1026.3262,26.3211,26.3211,30.6277,42.9896,1.167,-0.118,0.9251,1.8078,0.8827,0.5292,0.1697,0.3797,2.1966,0.9048,4.33E+02,95.189,12.33479,0,0,-0.28,0.00E+00
31.4801,-80.446,36.1778,17.3808,0.1233,1.167,4.66E+04,46.635079,4.663508,1026.3319,26.3267,26.3267,30.6333,42.9954,1.167,-0.167,1.0609,1.8078,0.7469,0.5333,0.1697,0.3797,2.199,0.8877,4.55E+02,95.379,12.33546,0,0,-0.19,0.00E+00
31.4801,-80.446,36.1797,17.3739,0.116,1.064,4.66E+04,46.630067,4.663007,1026.3345,26.3299,26.3298,30.6366,42.9989,1.064,-0.222,0.959,1.8304,0.8714,0.5375,0.1709,0.3797,2.2002,0.8596,4.95E+02,95.513,12.33678,0,0,-0.22,0.00E+00
31.4801,-80.446,36.1777,17.3713,0.1551,1.064,4.66E+04,46.625055,4.662505,1026.3336,26.329,26.3289,30.6357,42.9983,1.064,-0.25,1.5021,1.8304,0.3283,0.5417,0.1709,0.3687,2.2002,0.8913,4.50E+02,95.593,12.3375,0,0,-0.11,0.00E+00
31.4801,-80.446,36.1748,17.3734,0.1123,1.064,4.66E+04,46.624037,4.662404,1026.331,26.3263,26.3262,30.633,42.9955,1.064,-0.25,0.9081,1.853,0.9449,0.5458,0.1722,0.3687,2.2002,0.9353,3.95E+02,95.659,12.33727,0,0,1.45E-07,0.00E+00
31.4801,-80.446,36.1847,17.3634,0.1233,1.167,4.66E+04,46.625056,4.662506,1026.3414,26.3363,26.3363,30.6431,43.0059,1.167,-0.195,1.0609,1.853,0.7921,0.55,0.1722,0.3687,2.2002,0.9243,4.08E+02,95.714,12.33862,0,0,0.22,0.00E+00
31.4801,-80.446,36.1751,17.3677,0.1123,1.167,4.66E+04,46.618445,4.661845,1026.333,26.3279,26.3278,30.6347,42.9974,1.167,-0.118,0.9081,1.8078,0.8997,0.5542,0.1697,0.3687,2.2002,0.8962,4.44E+02,95.721,12.33848,0,0,0.31,0.00E+00
31.4801,-80.446,36.17,17.3721,0.1074,1.271,4.66E+04,46.617283,4.661728,1026.3285,26.3229,26.3229,30.6297,42.9924,1.271,-0.028,0.8402,1.8304,0.9902,0.5583,0.1709,0.3663,2.2002,0.8999,4.39E+02,95.708,12.33794,0,0,0.36,0.00E+00
31.4801,-80.446,36.1845,17.3613,0.1136,1.271,4.66E+04,46.622732,4.662273,1026.3422,26.3367,26.3366,30.6435,43.0064,1.271,0.069,0.9251,1.8304,0.9053,0.5625,0.1709,0.3663,2.2015,0.8999,4.39E+02,95.671,12.33908,0,0,0.39,0.00E+00
31.4801,-80.446,36.1773,17.3596,0.116,1.374,4.66E+04,46.612781,4.661278,1026.3376,26.3315,26.3315,30.6385,43.0016,1.374,0.132,0.959,1.8304,0.8714,0.5667,0.1709,0.3663,2.2027,0.9194,4.14E+02,95.714,12.34002,0,0,0.25,0.00E+00
31.4801,-80.446,36.1799,17.356,0.1087,1.374,4.66E+04,46.612056,4.661206,1026.3405,26.3344,26.3344,30.6414,43.0046,1.374,0.181,0.8572,1.8304,0.9732,0.5708,0.1709,0.3639,2.1966,0.9194,4.14E+02,95.247,12.34058,0,0,0.19,0.00E+00
31.4801,-80.446,36.1755,17.3579,0.1111,1.374,4.66E+04,46.608932,4.660893,1026.3366,26.3306,26.3305,30.6375,43.0007,1.374,0.181,0.8911,1.8078,0.9167,0.575,0.1697,0.3675,2.2039,0.9084,4.28E+02,95.736,12.34053,0,0,9.67E-08,0.00E+00
31.4801,-80.446,36.177,17.3583,0.1087,1.374,4.66E+04,46.611111,4.661111,1026.3377,26.3316,26.3316,30.6386,43.0018,1.374,0.16,0.8572,1.853,0.9958,0.5792,0.1722,0.3675,2.2051,0.9121,4.23E+02,95.891,12.34032,0,0,-0.08,0.00E+00
31.4801,-80.446,36.1717,17.3641,0.1233,1.478,4.66E+04,46.61111,4.661111,1026.3327,26.3262,26.3261,30.6331,42.9961,1.478,0.146,1.0609,1.8304,0.7695,0.5833,0.1709,0.3675,2.2039,0.9109,4.25E+02,95.856,12.3395,0,0,-0.06,0.00E+00
31.4801,-80.446,36.1759,17.3654,0.1099,1.478,4.66E+04,46.617285,4.661728,1026.3356,26.3291,26.329,30.636,42.9988,1.478,0.139,0.8742,1.8304,0.9562,0.5875,0.1709,0.3504,2.2039,0.9426,3.87E+02,95.87,12.33888,0,0,-0.03,0.00E+00
31.4801,-80.446,36.1748,17.3649,0.1331,1.374,4.66E+04,46.615396,4.66154,1026.3344,26.3284,26.3283,30.6353,42.9981,1.374,0.083,1.1966,1.8304,0.6338,0.5917,0.1709,0.3504,2.2027,0.9451,3.84E+02,95.767,12.33909,0,0,-0.22,0.00E+00
31.4801,-80.446,36.1723,17.3687,0.1184,1.478,4.66E+04,46.616412,4.661641,1026.332,26.3255,26.3254,30.6323,42.9951,1.478,0.076,0.993,1.8304,0.8374,0.5958,0.1709,0.3504,2.2002,0.9316,3.99E+02,95.532,12.33849,0,0,-0.03,0.00E+00
31.4801,-80.446,36.1692,17.3778,0.1502,1.478,4.66E+04,46.622295,4.662229,1026.3274,26.3209,26.3208,30.6276,42.99,1.478,0.056,1.4342,1.853,0.4187,0.6,0.1722,0.3504,2.2002,0.9194,4.14E+02,95.465,12.33678,0,0,-0.08,0.00E+00
31.4801,-80.446,36.1788,17.3722,0.1111,1.478,4.66E+04,46.627526,4.662753,1026.3361,26.3297,26.3296,30.6364,42.9989,1.478,0.056,0.8911,1.8304,0.9392,0.6042,0.1709,0.348,2.199,0.895,4.46E+02,95.344,12.33722,0,0,0,0.00E+00
31.4801,-80.446,36.1743,17.3731,0.1172,1.478,4.66E+04,46.623313,4.662331,1026.3324,26.326,26.3259,30.6327,42.9952,1.478,0.049,0.976,1.8304,0.8544,0.6083,0.1709,0.348,2.1978,0.8877,4.55E+02,95.05,12.33738,0,0,-0.03,0.00E+00
31.4801,-80.446,36.181,17.3685,0.1184,1.478,4.66E+04,46.626219,4.662622,1026.3387,26.3322,26.3321,30.639,43.0016,1.478,0.035,0.993,1.8304,0.8374,0.6125,0.1709,0.348,2.1978,0.9072,4.30E+02,95.017,12.33782,0,0,-0.06,0.00E+00
31.4801,-80.446,36.1815,17.3559,0.1099,1.478,4.66E+04,46.613799,4.66138,1026.3422,26.3357,26.3356,30.6427,43.0058,1.478,0.014,0.8742,1.8304,0.9562,0.6167,0.1709,0.348,2.1929,0.9328,3.98E+02,94.671,12.34048,0,0,-0.08,0.00E+00
31.4801,-80.446,36.1734,17.3626,0.1563,1.478,4.66E+04,46.611474,4.661147,1026.3343,26.3278,26.3278,30.6348,42.9978,1.478,0.021,1.5191,1.8304,0.3113,0.6208,0.1709,0.3492,2.1978,0.956,3.71E+02,95.011,12.33969,0,0,0.03,0.00E+00
31.4801,-80.446,36.1814,17.3541,0.1343,1.478,4.66E+04,46.611911,4.661191,1026.3425,26.336,26.3359,30.643,43.0063,1.478,0.028,1.2136,1.8304,0.6168,0.625,0.1709,0.3492,2.1978,0.9292,4.02E+02,95.111,12.34085,0,0,0.03,0.00E+00
31.4801,-80.446,36.1769,17.3526,0.1172,1.374,4.66E+04,46.605083,4.660508,1026.3389,26.3329,26.3329,30.64,43.0034,1.374,-0.028,0.976,1.8304,0.8544,0.6292,0.1709,0.3492,2.1978,0.9109,4.25E+02,95.209,12.34155,0,0,-0.22,0.00E+00
31.4801,-80.446,36.177,17.352,0.127,1.374,4.66E+04,46.604647,4.660465,1026.3392,26.3331,26.3331,30.6402,43.0037,1.374,-0.049,1.1118,1.8304,0.7186,0.6333,0.1709,0.3468,2.1966,0.8987,4.41E+02,95.174,12.34166,0,0,-0.08,0.00E+00
31.4801,-80.446,36.1735,17.3562,0.1148,1.374,4.66E+04,46.60501,4.660501,1026.3355,26.3295,26.3294,30.6365,42.9998,1.374,-0.063,0.9421,1.853,0.9109,0.6375,0.1722,0.3468,2.1978,0.8901,4.52E+02,95.322,12.34104,0,0,-0.06,0.00E+00
31.4801,-80.446,36.1771,17.3535,0.1087,1.271,4.66E+04,46.606317,4.660632,1026.3385,26.3329,26.3328,30.6399,43.0033,1.271,-0.097,0.8572,1.853,0.9958,0.6417,0.1722,0.3468,2.1966,0.884,4.60E+02,95.286,12.34132,0,0,-0.14,0.00E+00
31.4801,-80.446,36.1697,17.3622,0.1123,1.271,4.66E+04,46.606752,4.660675,1026.3307,26.3251,26.325,30.632,42.9951,1.271,-0.118,0.9081,1.853,0.9449,0.6458,0.1722,0.3468,2.1954,0.9133,4.22E+02,95.204,12.34006,0,0,-0.08,0.00E+00
31.4801,-80.446,36.1743,17.364,0.1099,1.271,4.66E+04,46.613797,4.66138,1026.3338,26.3282,26.3281,30.6351,42.998,1.271,-0.125,0.8742,1.8756,1.0014,0.65,0.1734,0.359,2.1954,0.9316,3.99E+02,95.203,12.33933,0,0,-0.03,0.00E+00
31.4801,-80.446,36.1723,17.3669,0.127,1.271,4.66E+04,46.614523,4.661452,1026.3315,26.3259,26.3258,30.6328,42.9956,1.271,-0.118,1.1118,1.8756,0.7638,0.6542,0.1734,0.359,2.1954,0.9194,4.14E+02,95.084,12.33886,0,0,0.03,0.00E+00
31.4801,-80.446,36.1729,17.3679,0.116,1.271,4.66E+04,46.616266,4.661627,1026.3317,26.3262,26.3261,30.633,42.9958,1.271,-0.097,0.959,1.8078,0.8488,0.6583,0.1697,0.359,2.1966,0.9096,4.26E+02,95.178,12.3386,0,0,0.08,0.00E+00
31.4801,-80.446,36.166,17.3815,0.1123,1.374,4.66E+04,46.622439,4.662244,1026.3236,26.3176,26.3175,30.6242,42.9865,1.374,-0.035,0.9081,1.8304,0.9223,0.6625,0.1709,0.359,2.1954,0.906,4.31E+02,95.117,12.33625,0,0,0.25,0.00E+00
31.4801,-80.446,36.1487,17.4092,0.1111,1.374,4.66E+04,46.630935,4.663093,1026.3035,26.2975,26.2975,30.6038,42.9651,1.374,0,0.8911,1.8304,0.9392,0.6667,0.1709,0.3468,2.2002,0.9096,4.26E+02,95.514,12.33176,0,0,0.14,0.00E+00
31.4801,-80.446,36.1668,17.4128,0.1087,1.374,4.67E+04,46.655565,4.665556,1026.3166,26.3106,26.3105,30.6167,42.9775,1.374,0.035,0.8572,1.8304,0.9732,0.6708,0.1709,0.3468,2.2015,0.9048,4.33E+02,95.688,12.32952,0,0,0.14,0.00E+00
31.4801,-80.446,36.1691,17.4111,0.116,1.374,4.67E+04,46.656364,4.665636,1026.3187,26.3127,26.3127,30.6189,42.9797,1.374,0.069,0.959,1.853,0.8939,0.675,0.1722,0.3468,2.2027,0.9182,4.16E+02,95.896,12.32971,0,0,0.14,0.00E+00
31.4801,-80.446,36.1717,17.4179,0.1074,1.374,4.67E+04,46.666392,4.666639,1026.3191,26.3131,26.313,30.6191,42.9795,1.374,0.069,0.8402,1.8304,0.9902,0.6792,0.1709,0.3443,2.2027,0.9011,4.38E+02,95.975,12.32805,0,0,0,0.00E+00
31.4801,-80.446,36.1777,17.4053,0.1062,1.271,4.67E+04,46.660289,4.666029,1026.3263,26.3208,26.3207,30.627,42.9879,1.271,0.035,0.8233,1.8078,0.9845,0.6833,0.1697,0.3443,2.2039,0.9023,4.36E+02,96.082,12.33025,0,0,-0.14,0.00E+00
31.4801,-80.446,36.1707,17.4085,0.1087,1.374,4.67E+04,46.655493,4.665549,1026.3206,26.3146,26.3145,30.6208,42.9816,1.374,0.028,0.8572,1.8304,0.9732,0.6875,0.1709,0.3443,2.2039,0.9194,4.14E+02,96.077,12.33014,0,0,-0.03,0.00E+00
31.4801,-80.446,36.1741,17.4094,0.1038,1.271,4.67E+04,46.660361,4.666036,1026.3226,26.317,26.317,30.6231,42.9839,1.271,-0.014,0.7893,1.8304,1.0411,0.6917,0.1709,0.3443,2.2039,0.9389,3.91E+02,96.022,12.32967,0,0,-0.17,0.00E+00
31.4801,-80.446,36.1756,17.4069,0.1074,1.271,4.67E+04,46.659489,4.665949,1026.3243,26.3187,26.3187,30.6249,42.9858,1.271,-0.056,0.8402,1.8304,0.9902,0.6958,0.1709,0.3443,2.2039,0.9267,4.05E+02,95.956,12.33007,0,0,-0.17,0.00E+00
31.4801,-80.446,36.1753,17.4077,0.1111,1.271,4.67E+04,46.659925,4.665993,1026.3239,26.3183,26.3183,30.6245,42.9853,1.271,-0.063,0.8911,1.8304,0.9392,0.7,0.1709,0.3455,2.2027,0.9463,3.82E+02,95.723,12.32994,0,0,-0.03,0.00E+00
31.4801,-80.446,36.1887,17.3889,0.1099,1.271,4.67E+04,46.656004,4.6656,1026.3387,26.3332,26.3331,30.6395,43.001,1.271,-0.063,0.8742,1.8078,0.9336,0.7042,0.1697,0.3455,2.2015,0.9316,3.99E+02,95.556,12.33286,0,0,0,0.00E+00
31.4801,-80.446,36.1778,17.3855,0.1099,1.271,4.66E+04,46.640019,4.664002,1026.3312,26.3256,26.3256,30.6321,42.994,1.271,-0.056,0.8742,1.8078,0.9336,0.7083,0.1697,0.3443,2.199,0.8828,4.62E+02,95.294,12.33445,0,0,0.03,0.00E+00
31.4801,-80.446,36.1779,17.3853,0.1074,1.271,4.66E+04,46.639874,4.663987,1026.3313,26.3257,26.3257,30.6322,42.9941,1.271,-0.042,0.8402,1.8078,0.9676,0.7125,0.1697,0.3468,2.2002,0.9011,4.38E+02,95.309,12.33449,0,0,0.06,0.00E+00
31.4801,-80.446,36.1762,17.3848,0.1172,1.271,4.66E+04,46.637404,4.66374,1026.3302,26.3246,26.3245,30.6311,42.993,1.271,-0.021,0.976,1.8304,0.8544,0.7167,0.1709,0.3468,2.199,0.9243,4.08E+02,95.175,12.33474,0,0,0.08,0.00E+00
31.4801,-80.446,36.1753,17.3853,0.1087,1.271,4.66E+04,46.636968,4.663697,1026.3294,26.3238,26.3237,30.6303,42.9922,1.271,-0.028,0.8572,1.8078,0.9506,0.7208,0.1697,0.3468,2.1978,0.9072,4.30E+02,95.067,12.33469,0,0,-0.03,0.00E+00
31.4801,-80.446,36.1741,17.3874,0.1148,1.271,4.66E+04,46.637694,4.663769,1026.3279,26.3223,26.3223,30.6288,42.9906,1.271,0,0.9421,1.8078,0.8657,0.725,0.1697,0.3407,2.199,0.9133,4.22E+02,95.155,12.33434,0,0,0.11,0.00E+00
31.4801,-80.446,36.1729,17.391,0.1087,1.271,4.66E+04,46.640018,4.664002,1026.3261,26.3205,26.3205,30.627,42.9886,1.271,-2.70E-14,0.8572,1.8304,0.9732,0.7292,0.1709,0.3407,2.199,0.9451,3.84E+02,95.201,12.33368,0,0,-1.08E-13,0.00E+00
31.4801,-80.446,36.1719,17.3959,0.1087,1.271,4.66E+04,46.643941,4.664394,1026.3242,26.3186,26.3186,30.625,42.9865,1.271,0,0.8572,1.8078,0.9506,0.7333,0.1697,0.3394,2.2002,0.956,3.71E+02,95.368,12.33272,0,0,1.08E-13,0.00E+00
31.4801,-80.446,36.1788,17.3902,0.1074,1.271,4.66E+04,46.645976,4.664598,1026.3308,26.3252,26.3252,30.6317,42.9933,1.271,0,0.8402,1.8304,0.9902,0.7375,0.1709,0.3394,2.2015,0.9292,4.02E+02,95.55,12.33337,0,0,0,0.00E+00
31.4801,-80.446,36.173,17.3908,0.1074,1.374,4.66E+04,46.640019,4.664002,1026.3267,26.3207,26.3206,30.6271,42.9888,1.374,0.028,0.8402,1.853,1.0128,0.7417,0.1722,0.3455,2.2015,0.895,4.46E+02,95.637,12.33371,0,0,0.11,0.00E+00
31.4801,-80.446,36.1757,17.3908,0.1099,1.374,4.66E+04,46.64307,4.664307,1026.3287,26.3227,26.3227,30.6291,42.9908,1.374,0.049,0.8742,1.7852,0.911,0.7458,0.1685,0.3455,2.2015,0.8877,4.55E+02,95.657,12.33349,0,0,0.08,0.00E+00
31.4801,-80.446,36.1764,17.3895,0.105,1.374,4.66E+04,46.642489,4.664249,1026.3296,26.3236,26.3235,30.63,42.9917,1.374,0.063,0.8063,1.8304,1.0241,0.75,0.1709,0.3455,2.199,0.9158,4.19E+02,95.507,12.33373,0,0,0.06,0.00E+00
31.4801,-80.446,36.1771,17.3871,0.1074,1.478,4.66E+04,46.640892,4.664089,1026.3312,26.3248,26.3247,30.6312,42.993,1.478,0.097,0.8402,1.8304,0.9902,0.7542,0.1709,0.3455,2.199,0.9328,3.98E+02,95.469,12.33418,0,0,0.14,0.00E+00
31.4801,-80.446,36.1714,17.3904,0.1013,1.478,4.66E+04,46.63784,4.663784,1026.326,26.3196,26.3195,30.626,42.9878,1.478,0.118,0.7554,1.8078,1.0524,0.7583,0.1697,0.3736,2.1978,0.9463,3.82E+02,95.301,12.33392,0,0,0.08,0.00E+00
31.4801,-80.446,36.1733,17.3946,0.105,1.478,4.66E+04,46.644233,4.664423,1026.3264,26.3199,26.3199,30.6263,42.9878,1.478,0.125,0.8063,1.7852,0.9789,0.7625,0.1685,0.3736,2.1966,0.9304,4.01E+02,95.139,12.33288,0,0,0.03,0.00E+00
31.4801,-80.446,36.1735,17.3944,0.1074,1.478,4.66E+04,46.644233,4.664423,1026.3266,26.3202,26.3201,30.6266,42.9881,1.478,0.118,0.8402,1.8078,0.9676,0.7667,0.1697,0.3736,2.1966,0.9121,4.23E+02,95.06,12.33292,0,0,-0.03,0.00E+00
31.4801,-80.446,36.1745,17.3959,0.1026,1.478,4.66E+04,46.646921,4.664692,1026.327,26.3205,26.3205,30.6269,42.9883,1.478,0.097,0.7723,1.8078,1.0355,0.7708,0.1697,0.3297,2.1966,0.9219,4.11E+02,95.027,12.33251,0,0,-0.08,0.00E+00
31.4801,-80.446,36.1744,17.3959,0.1013,1.478,4.66E+04,46.646921,4.664692,1026.327,26.3205,26.3204,30.6269,42.9883,1.478,0.063,0.7554,1.8304,1.075,0.775,0.1709,0.3284,2.1978,0.9341,3.97E+02,95.141,12.33251,0,0,-0.14,0.00E+00
31.4801,-80.446,36.1744,17.3972,0.1099,1.374,4.66E+04,46.648156,4.664816,1026.3262,26.3202,26.3201,30.6265,42.9879,1.374,0.021,0.8742,1.8078,0.9336,0.7792,0.1697,0.3284,2.1978,0.9182,4.16E+02,95.206,12.33224,0,0,-0.17,0.00E+00
31.4801,-80.446,36.1662,17.4071,0.1013,1.478,4.66E+04,46.648954,4.664895,1026.3179,26.3114,26.3114,30.6177,42.9787,1.478,0.007,0.7554,1.8078,1.0524,0.7833,0.1697,0.3284,2.1966,0.8987,4.41E+02,95.198,12.33079,0,0,-0.06,0.00E+00
31.4801,-80.446,36.164,17.4249,0.1111,1.374,4.67E+04,46.664646,4.666465,1026.3115,26.3055,26.3054,30.6114,42.9716,1.374,-0.042,0.8911,1.8304,0.9392,0.7875,0.1709,0.3309,2.1978,0.9072,4.30E+02,95.31,12.32719,0,0,-0.19,0.00E+00
31.4801,-80.446,36.1676,17.4268,0.1026,1.374,4.67E+04,46.670751,4.667075,1026.3138,26.3078,26.3077,30.6137,42.9738,1.374,-0.056,0.7723,1.8304,1.0581,0.7917,0.1709,0.3321,2.1966,0.9182,4.16E+02,95.268,12.3265,0,0,-0.06,0.00E+00
31.4801,-80.446,36.1658,17.4469,0.1013,1.374,4.67E+04,46.689427,4.668943,1026.3076,26.3015,26.3015,30.6071,42.9663,1.374,-0.063,0.7554,1.8304,1.075,0.7958,0.1709,0.3309,2.1966,0.9096,4.26E+02,95.274,12.32237,0,0,-0.03,0.00E+00
31.4801,-80.446,36.1708,17.4447,0.1062,1.374,4.67E+04,46.692771,4.669277,1026.3119,26.3058,26.3058,30.6114,42.9706,1.374,-0.063,0.8233,1.8078,0.9845,0.8,0.1697,0.3309,2.1966,0.9023,4.36E+02,95.254,12.32245,0,0,1.08E-13,0.00E+00
31.4801,-80.446,36.1793,17.4326,0.1099,1.374,4.67E+04,46.690228,4.669023,1026.3214,26.3154,26.3153,30.6211,42.9807,1.374,-0.056,0.8742,1.8078,0.9336,0.8042,0.1697,0.3272,2.1966,0.9316,3.99E+02,95.235,12.32432,0,0,0.03,0.00E+00
31.4801,-80.446,36.1821,17.4237,0.1074,1.374,4.67E+04,46.684269,4.668427,1026.3257,26.3196,26.3196,30.6255,42.9854,1.374,-0.042,0.8402,1.7852,0.945,0.8083,0.1685,0.3272,2.1978,0.9438,3.85E+02,95.31,12.32598,0,0,0.06,0.00E+00
31.4801,-80.446,36.1724,17.4234,0.1172,1.478,4.67E+04,46.672859,4.667286,1026.3188,26.3123,26.3123,30.6182,42.9784,1.478,0.007,0.976,1.7852,0.8092,0.8125,0.1685,0.3272,2.1978,0.9158,4.19E+02,95.345,12.32683,0,0,0.19,0.00E+00
31.4801,-80.446,36.1721,17.4271,0.1209,1.478,4.67E+04,46.676347,4.667635,1026.3176,26.3112,26.3111,30.617,42.977,1.478,0.021,1.0269,1.7852,0.7583,0.8167,0.1685,0.3175,2.1978,0.9072,4.30E+02,95.378,12.32606,0,0,0.06,0.00E+00
31.4801,-80.446,36.1729,17.4296,0.1221,1.478,4.67E+04,46.679835,4.667984,1026.3177,26.3112,26.3111,30.617,42.9769,1.478,0.063,1.0439,1.8078,0.7639,0.8208,0.1697,0.3162,2.199,0.9158,4.19E+02,95.472,12.32547,0,0,0.17,0.00E+00
31.4801,-80.446,36.1693,17.4362,0.1111,1.374,4.67E+04,46.682378,4.668238,1026.3128,26.3068,26.3067,30.6125,42.9721,1.374,0.042,0.8911,1.8078,0.9167,0.825,0.1697,0.3162,2.199,0.9328,3.98E+02,95.517,12.32437,0,0,-0.08,0.00E+00
31.4801,-80.446,36.1736,17.4362,0.1099,1.374,4.67E+04,46.68732,4.668732,1026.3161,26.3101,26.31,30.6158,42.9753,1.374,0.021,0.8742,1.8078,0.9336,0.8292,0.1697,0.3162,2.199,0.9304,4.01E+02,95.523,12.32402,0,0,-0.08,0.00E+00
31.4801,-80.446,36.1772,17.4303,0.1062,1.374,4.67E+04,46.685431,4.668543,1026.3203,26.3142,26.3142,30.62,42.9798,1.374,2.69E-14,0.8233,1.8078,0.9845,0.8333,0.1697,0.3175,2.199,0.9121,4.23E+02,95.517,12.32497,0,0,-0.08,0.00E+00
31.4801,-80.446,36.1712,17.4337,0.1197,1.271,4.67E+04,46.682014,4.668201,1026.3144,26.3088,26.3088,30.6146,42.9743,1.271,-0.049,1.0099,1.8304,0.8204,0.8375,0.1709,0.3175,2.2002,0.8877,4.55E+02,95.591,12.32473,0,0,-0.19,0.00E+00
31.4801,-80.446,36.1741,17.4347,0.1074,1.271,4.67E+04,46.686303,4.66863,1026.3164,26.3109,26.3108,30.6166,42.9762,1.271,-0.09,0.8402,1.8078,0.9676,0.8417,0.1697,0.3175,2.2015,0.917,4.17E+02,95.672,12.3243,0,0,-0.17,0.00E+00
31.4801,-80.446,36.1691,17.4409,0.1306,1.167,4.67E+04,46.686883,4.668688,1026.3106,26.3055,26.3054,30.6111,42.9705,1.167,-0.153,1.1627,1.8078,0.6451,0.8458,0.1697,0.3175,2.2015,0.9072,4.30E+02,95.69,12.32338,0,0,-0.25,0.00E+00
31.4801,-80.446,36.1697,17.4468,0.1123,1.167,4.67E+04,46.693642,4.669364,1026.3096,26.3045,26.3045,30.61,42.9692,1.167,-0.167,0.9081,1.8078,0.8997,0.85,0.1697,0.326,2.199,0.8791,4.67E+02,95.5,12.32208,0,0,-0.06,0.00E+00
31.4801,-80.446,36.171,17.4492,0.105,1.064,4.67E+04,46.697566,4.669757,1026.3096,26.3049,26.3049,30.6104,42.9694,1.064,-0.188,0.8063,1.8304,1.0241,0.8542,0.1709,0.326,2.2002,0.8864,4.57E+02,95.534,12.32147,0,0,-0.08,0.00E+00
31.4801,-80.446,36.1707,17.4529,0.1038,1.064,4.67E+04,46.701055,4.670105,1026.3084,26.3037,26.3037,30.6092,42.968,1.064,-0.181,0.7893,1.7852,0.9959,0.8583,0.1685,0.326,2.2015,0.9121,4.23E+02,95.615,12.32069,0,0,0.03,0.00E+00
31.4801,-80.446,36.1755,17.4504,0.1136,1.064,4.67E+04,46.704036,4.670404,1026.3128,26.3081,26.3081,30.6135,42.9724,1.064,-0.181,0.9251,1.8078,0.8827,0.8625,0.1697,0.3223,2.2027,0.917,4.17E+02,95.71,12.32084,0,0,9.67E-08,0.00E+00
31.4801,-80.446,36.1784,17.4388,0.1099,1.167,4.67E+04,46.695387,4.669539,1026.3182,26.3131,26.313,30.6187,42.978,1.167,-0.132,0.8742,1.8078,0.9336,0.8667,0.1697,0.3223,2.2039,0.8901,4.52E+02,95.814,12.32308,0,0,0.19,0.00E+00
31.4801,-80.446,36.174,17.4386,0.1087,1.271,4.67E+04,46.690227,4.669023,1026.3153,26.3098,26.3097,30.6154,42.9748,1.271,-0.042,0.8572,1.853,0.9958,0.8708,0.1722,0.3223,2.2039,0.9109,4.25E+02,95.821,12.32347,0,0,0.36,0.00E+00
31.4801,-80.446,36.1823,17.4244,0.1099,1.271,4.67E+04,46.685141,4.668514,1026.3252,26.3196,26.3196,30.6254,42.9854,1.271,0.021,0.8742,1.7852,0.911,0.875,0.1685,0.3223,2.2027,0.9328,3.98E+02,95.741,12.32582,0,0,0.25,0.00E+00
31.4801,-80.446,36.1793,17.4213,0.1026,1.374,4.67E+04,46.678528,4.667853,1026.3241,26.3181,26.318,30.624,42.9841,1.374,0.111,0.7723,1.8078,1.0355,0.8792,0.1697,0.326,2.2039,0.9463,3.82E+02,95.844,12.32673,0,0,0.36,0.00E+00
31.4801,-80.446,36.1715,17.4215,0.1221,1.374,4.67E+04,46.669879,4.666988,1026.3181,26.3121,26.312,30.618,42.9783,1.374,0.16,1.0439,1.8304,0.7865,0.8833,0.1709,0.326,2.2015,0.9438,3.85E+02,95.674,12.3273,0,0,0.19,0.00E+00
31.4801,-80.446,36.1729,17.4263,0.105,1.478,4.67E+04,46.676347,4.667635,1026.3184,26.3119,26.3119,30.6178,42.9778,1.478,0.222,0.8063,1.8304,1.0241,0.8875,0.1709,0.326,2.2015,0.9121,4.23E+02,95.576,12.32618,0,0,0.25,0.00E+00
31.4801,-80.446,36.1791,17.4189,0.116,1.478,4.67E+04,46.675912,4.667591,1026.325,26.3185,26.3184,30.6245,42.9847,1.478,0.229,0.959,1.8078,0.8488,0.8917,0.1697,0.326,2.2015,0.9133,4.22E+02,95.497,12.32725,0,0,0.03,0.00E+00
31.4801,-80.446,36.1782,17.4157,0.1074,1.478,4.67E+04,46.671625,4.667162,1026.3251,26.3186,26.3186,30.6247,42.9851,1.478,0.208,0.8402,1.8078,0.9676,0.8958,0.1697,0.3321,2.2015,0.9463,3.82E+02,95.444,12.328,0,0,-0.08,0.00E+00
31.4801,-80.446,36.1768,17.4144,0.1026,1.478,4.67E+04,46.668573,4.666857,1026.3243,26.3178,26.3178,30.6239,42.9844,1.478,0.16,0.7723,1.8078,1.0355,0.9,0.1697,0.3321,2.2039,0.9475,3.81E+02,95.614,12.3284,0,0,-0.19,0.00E+00
31.4801,-80.446,36.1736,17.4166,0.1013,1.478,4.67E+04,46.667264,4.666726,1026.3214,26.3149,26.3148,30.6209,42.9814,1.478,0.118,0.7554,1.7852,1.0298,0.9042,0.1685,0.3321,2.2015,0.9158,4.19E+02,95.484,12.32818,0,0,-0.17,0.00E+00
31.4801,-80.446,36.1738,17.4181,0.0989,1.374,4.67E+04,46.669008,4.666901,1026.3207,26.3147,26.3146,30.6207,42.981,1.374,0.063,0.7214,1.7852,1.0638,0.9083,0.1685,0.3187,2.2015,0.8999,4.39E+02,95.502,12.32784,0,0,-0.22,0.00E+00
31.4801,-80.446,36.1707,17.4237,0.1148,1.374,4.67E+04,46.671187,4.667119,1026.3169,26.3109,26.3108,30.6168,42.977,1.374,2.69E-14,0.9421,1.8078,0.8657,0.9125,0.1697,0.3187,2.2015,0.9304,4.01E+02,95.502,12.3269,0,0,-0.25,0.00E+00
31.4801,-80.446,36.1729,17.4271,0.1111,1.374,4.67E+04,46.677219,4.667722,1026.3178,26.3118,26.3117,30.6176,42.9776,1.374,-0.035,0.8911,1.8078,0.9167,0.9167,0.1697,0.3187,2.2015,0.9573,3.70E+02,95.541,12.326,0,0,-0.14,0.00E+00
31.4801,-80.446,36.1708,17.4303,0.105,1.374,4.67E+04,46.678091,4.667809,1026.3154,26.3093,26.3093,30.6152,42.975,1.374,-0.069,0.8063,1.8078,1.0015,0.9208,0.1697,0.3187,2.2039,0.9096,4.26E+02,95.717,12.32548,0,0,-0.14,0.00E+00
31.4801,-80.446,36.1674,17.4396,0.1038,1.271,4.67E+04,46.683685,4.668369,1026.3101,26.3045,26.3045,30.6102,42.9697,1.271,-0.097,0.7893,1.7852,0.9959,0.925,0.1685,0.3309,2.2039,0.8608,4.93E+02,95.742,12.32379,0,0,-0.11,0.00E+00
31.4801,-80.446,36.1683,17.4454,0.1111,1.374,4.67E+04,46.690735,4.669074,1026.3098,26.3038,26.3037,30.6093,42.9685,1.374,-0.083,0.8911,1.7626,0.8715,0.9292,0.1673,0.3309,2.2039,0.8584,4.97E+02,95.756,12.32248,0,0,0.06,0.00E+00
31.4801,-80.446,36.1697,17.4522,0.1123,1.271,4.67E+04,46.699311,4.669931,1026.3088,26.3032,26.3032,30.6087,42.9675,1.271,-0.09,0.9081,1.8078,0.8997,0.9333,0.1697,0.3309,2.2039,0.9084,4.28E+02,95.754,12.32093,0,0,-0.03,0.00E+00
31.4801,-80.446,36.1753,17.4477,0.105,1.271,4.67E+04,46.701057,4.670106,1026.3141,26.3085,26.3085,30.614,42.973,1.271,-0.083,0.8063,1.8078,1.0015,0.9375,0.1697,0.3309,2.2051,0.9194,4.14E+02,95.902,12.32143,0,0,0.03,0.00E+00
31.4801,-80.446,36.1712,17.4514,0.1111,1.271,4.67E+04,46.700184,4.670018,1026.3101,26.3045,26.3045,30.61,42.9688,1.271,-0.063,0.8911,1.7852,0.8941,0.9417,0.1685,0.3871,2.2051,0.9255,4.07E+02,95.909,12.32097,0,0,0.08,0.00E+00
31.4801,-80.446,36.1726,17.4524,0.1062,1.167,4.67E+04,46.702727,4.670273,1026.3105,26.3053,26.3053,30.6108,42.9696,1.167,-0.09,0.8233,1.7852,0.962,0.9458,0.1685,0.3871,2.2063,0.9145,4.20E+02,95.989,12.32066,0,0,-0.11,0.00E+00
31.4801,-80.446,36.1732,17.4533,0.1038,1.271,4.67E+04,46.704472,4.670447,1026.3112,26.3056,26.3056,30.611,42.9698,1.271,-0.076,0.7893,1.7852,0.9959,0.95,0.1685,0.3871,2.2051,0.8864,4.57E+02,95.882,12.32041,0,0,0.06,0.00E+00
31.4801,-80.446,36.1801,17.4448,0.0989,1.271,4.67E+04,46.703601,4.67036,1026.3185,26.3129,26.3129,30.6184,42.9775,1.271,-0.056,0.7214,1.74,1.0186,0.9542,0.1661,0.3297,2.2051,0.8987,4.41E+02,95.823,12.32167,0,0,0.08,0.00E+00
31.4801,-80.446,36.1799,17.4365,0.1001,1.374,4.67E+04,46.694953,4.669495,1026.3209,26.3149,26.3148,30.6205,42.9799,1.374,6.05E-09,0.7384,1.7852,1.0468,0.9583,0.1685,0.3236,2.2039,0.9365,3.94E+02,95.717,12.32344,0,0,0.22,0.00E+00
31.4801,-80.446,36.175,17.4375,0.1062,1.374,4.67E+04,46.690228,4.669023,1026.3168,26.3108,26.3108,30.6165,42.9759,1.374,0.021,0.8233,1.7852,0.962,0.9625,0.1685,0.3236,2.2039,0.9316,3.99E+02,95.677,12.32363,0,0,0.08,0.00E+00
31.4801,-80.446,36.1761,17.4337,0.1087,1.478,4.67E+04,46.687685,4.668768,1026.3191,26.3126,26.3125,30.6183,42.9779,1.478,0.097,0.8572,1.8078,0.9506,0.9667,0.1697,0.3236,2.2039,0.906,4.31E+02,95.639,12.32435,0,0,0.31,0.00E+00
31.4801,-80.446,36.1771,17.4299,0.1001,1.478,4.67E+04,46.684996,4.6685,1026.3208,26.3143,26.3142,30.6201,42.9798,1.478,0.132,0.7384,1.7852,1.0468,0.9708,0.1685,0.3101,2.2027,0.9072,4.30E+02,95.505,12.32506,0,0,0.14,0.00E+00
31.4801,-80.446,36.175,17.4315,0.1001,1.478,4.67E+04,46.684123,4.668412,1026.3188,26.3123,26.3122,30.6181,42.9778,1.478,0.153,0.7384,1.7852,1.0468,0.975,0.1685,0.3101,2.2015,0.9267,4.05E+02,95.384,12.32491,0,0,0.08,0.00E+00
31.4801,-80.446,36.1754,17.4315,0.1148,1.478,4.67E+04,46.68456,4.668456,1026.3191,26.3126,26.3125,30.6184,42.9781,1.478,0.16,0.9421,1.7852,0.8432,0.9792,0.1685,0.3101,2.2002,0.9438,3.85E+02,95.256,12.32488,0,0,0.03,0.00E+00
31.4801,-80.446,36.1792,17.426,0.1026,1.478,4.67E+04,46.683397,4.66834,1026.3234,26.3169,26.3168,30.6227,42.9826,1.478,0.118,0.7723,1.8078,1.0355,0.9833,0.1697,0.3101,2.2015,0.9377,3.92E+02,95.351,12.32573,0,0,-0.17,0.00E+00
31.4801,-80.446,36.1752,17.4267,0.0989,1.478,4.67E+04,46.6794,4.66794,1026.3201,26.3136,26.3135,30.6194,42.9794,1.478,0.09,0.7214,1.7852,1.0638,0.9875,0.1685,0.315,2.2015,0.928,4.04E+02,95.371,12.32591,0,0,-0.11,0.00E+00
31.4801,-80.446,36.1754,17.4269,0.0989,1.478,4.67E+04,46.679836,4.667984,1026.3202,26.3137,26.3136,30.6195,42.9795,1.478,0.049,0.7214,1.7852,1.0638,0.9917,0.1685,0.315,2.2039,0.9121,4.23E+02,95.6,12.32585,0,0,-0.17,0.00E+00
31.4801,-80.446,36.1732,17.4297,0.1123,1.374,4.67E+04,46.680271,4.668027,1026.3174,26.3114,26.3113,30.6172,42.977,1.374,0,0.9081,1.8078,0.8997,0.9958,0.1697,0.315,2.2027,0.9133,4.22E+02,95.57,12.32542,0,0,-0.19,0.00E+00
31.4801,-80.446,36.1726,17.4343,0.1001,1.374,4.67E+04,46.684268,4.668427,1026.3158,26.3098,26.3097,30.6155,42.9752,1.374,-0.049,0.7384,1.74,1.0016,1,0.1661,0.3236,2.2039,0.928,4.04E+02,95.711,12.3245,0,0,-0.19,0.00E+00
31.4801,-80.446,36.1791,17.4296,0.1038,1.478,4.67E+04,46.686886,4.668689,1026.3224,26.3159,26.3158,30.6217,42.9814,1.478,-0.035,0.7893,1.8078,1.0185,1.0042,0.1697,0.326,2.2039,0.928,4.04E+02,95.785,12.32498,0,0,0.06,0.00E+00
31.4801,-80.446,36.1785,17.4238,0.1111,1.581,4.67E+04,46.680273,4.668027,1026.3238,26.3168,26.3168,30.6227,42.9827,1.581,0.007,0.8911,1.7852,0.8941,1.0083,0.1685,0.326,2.2027,0.9475,3.81E+02,95.732,12.32626,0,0,0.17,0.00E+00
31.4801,-80.446,36.1766,17.4238,0.1026,1.581,4.67E+04,46.678092,4.667809,1026.3223,26.3154,26.3153,30.6213,42.9813,1.581,0.042,0.7723,1.8078,1.0355,1.0125,0.1697,0.326,2.2039,0.9719,3.54E+02,95.807,12.32641,0,0,0.14,0.00E+00
31.4801,-80.446,36.1746,17.4242,0.116,1.685,4.67E+04,46.676349,4.667635,1026.3212,26.3138,26.3137,30.6197,42.9798,1.685,0.097,0.959,1.8304,0.8714,1.0167,0.1709,0.3004,2.2039,0.9487,3.80E+02,95.768,12.32648,0,0,0.22,0.00E+00
31.4801,-80.446,36.1817,17.4168,0.1001,1.788,4.67E+04,46.676859,4.667686,1026.3289,26.321,26.3209,30.627,42.9873,1.788,0.167,0.7384,1.7852,1.0468,1.0208,0.1685,0.3004,2.2039,0.9292,4.02E+02,95.743,12.32749,0,0,0.28,0.00E+00
31.4801,-80.446,36.182,17.4079,0.1013,1.788,4.67E+04,46.668139,4.666814,1026.3313,26.3234,26.3234,30.6295,42.9903,1.788,0.215,0.7554,1.7852,1.0298,1.025,0.1685,0.3004,2.2039,0.9414,3.88E+02,95.704,12.32935,0,0,0.19,0.00E+00
31.4801,-80.446,36.1763,17.4075,0.1013,1.892,4.67E+04,46.661163,4.666116,1026.3274,26.3191,26.319,30.6253,42.9861,1.892,0.271,0.7554,1.7852,1.0298,1.0292,0.1685,0.3004,2.2039,0.9683,3.58E+02,95.719,12.32989,0,0,0.22,0.00E+00
31.4801,-80.446,36.1746,17.4115,0.1172,1.892,4.67E+04,46.663343,4.666334,1026.3252,26.3169,26.3168,30.623,42.9837,1.892,0.264,0.976,1.8304,0.8544,1.0333,0.1709,0.3211,2.2027,0.9853,3.40E+02,95.604,12.32918,0,0,-0.03,0.00E+00
31.4801,-80.446,36.1785,17.4083,0.1245,2.099,4.67E+04,46.664652,4.666465,1026.3299,26.3207,26.3206,30.6268,42.9876,2.099,0.278,1.0778,1.8078,0.73,1.0375,0.1697,0.3199,2.2002,0.989,3.37E+02,95.404,12.32955,0,0,0.06,0.00E+00
31.4801,-80.446,36.1786,17.404,0.1013,2.099,4.67E+04,46.660293,4.666029,1026.331,26.3218,26.3217,30.628,42.989,2.099,0.278,0.7554,1.7852,1.0298,1.0417,0.1685,0.3199,2.2002,0.9939,3.32E+02,95.358,12.33046,0,0,6.29E-07,0.00E+00
31.4801,-80.446,36.1739,17.4075,0.0965,2.306,4.67E+04,46.658549,4.665855,1026.3274,26.3173,26.3172,30.6235,42.9844,2.306,0.327,0.6875,1.6949,1.0074,1.0458,0.1636,0.3101,2.199,1,3.26E+02,95.205,12.33009,0,0,0.19,0.00E+00
31.4801,-80.446,36.1722,17.4126,0.116,2.409,4.67E+04,46.662037,4.666204,1026.3254,26.3148,26.3147,30.6209,42.9816,2.409,0.354,0.959,1.8304,0.8714,1.05,0.1709,0.3077,2.1978,1.0159,3.11E+02,95.078,12.32913,0,0,0.11,0.00E+00
31.4801,-80.446,36.1738,17.4151,0.1111,2.616,4.67E+04,46.666398,4.66664,1026.3269,26.3154,26.3153,30.6215,42.982,2.616,0.417,0.8911,1.7852,0.8941,1.0542,0.1685,0.3077,2.1966,1.0281,3.00E+02,94.959,12.32849,0,0,0.25,0.00E+00
31.4801,-80.446,36.1837,17.4044,0.1233,2.72,4.67E+04,46.666836,4.666684,1026.3376,26.3257,26.3255,30.6318,42.9927,2.72,0.479,1.0609,1.8078,0.7469,1.0583,0.1697,0.3077,2.1978,1.0281,3.00E+02,95.043,12.32997,0,0,0.25,0.00E+00
31.4801,-80.446,36.1833,17.3929,0.1026,2.927,4.67E+04,46.65463,4.665463,1026.341,26.3281,26.328,30.6345,42.9959,2.927,0.535,0.7723,1.7852,1.0129,1.0625,0.1685,0.3175,2.199,1.033,2.95E+02,95.187,12.33245,0,0,0.22,0.00E+00
31.4801,-80.446,36.1945,17.374,0.1136,3.237,4.66E+04,46.64824,4.664824,1026.3556,26.3414,26.3412,30.648,43.0101,3.237,0.632,0.9251,1.853,0.9279,1.0667,0.1722,0.3175,2.2002,1.0427,2.87E+02,95.386,12.33557,0,0,0.39,0.00E+00
31.4801,-80.446,36.1979,17.3399,0.105,3.444,4.66E+04,46.617152,4.661715,1026.3674,26.3523,26.3521,30.6594,43.0231,3.444,0.695,0.8063,1.7852,0.9789,1.0708,0.1685,0.3175,2.2002,1.0611,2.71E+02,95.504,12.34255,0,0,0.25,0.00E+00
31.4801,-80.446,36.1845,17.3371,0.0989,3.754,4.66E+04,46.598995,4.6599,1026.3591,26.3427,26.3425,30.6499,43.014,3.754,0.806,0.7214,1.8078,1.0864,1.075,0.1697,0.3175,2.2015,1.083,2.54E+02,95.663,12.34424,0,0,0.44,0.00E+00
31.4801,-80.446,36.1807,17.3371,0.0977,3.961,4.66E+04,46.594711,4.659471,1026.3571,26.3397,26.3396,30.6471,43.0112,3.961,0.861,0.7045,1.7852,1.0808,1.0792,0.1685,0.2796,2.2015,1.1026,2.40E+02,95.745,12.34455,0,0,0.22,0.00E+00
31.4801,-80.446,36.1795,17.3374,0.1001,4.168,4.66E+04,46.593841,4.659384,1026.3571,26.3388,26.3386,30.6461,43.0102,4.168,0.917,0.7384,1.8078,1.0694,1.0833,0.1697,0.2808,2.2015,1.1148,2.31E+02,95.788,12.34456,0,0,0.22,0.00E+00
31.4801,-80.446,36.1803,17.3352,0.1038,4.375,4.66E+04,46.592535,4.659253,1026.3591,26.3399,26.3397,30.6473,43.0115,4.375,0.938,0.7893,1.8078,1.0185,1.0875,0.1697,0.2796,2.2039,1.1184,2.29E+02,95.973,12.34498,0,0,0.08,0.00E+00
31.4801,-80.446,36.1784,17.3355,0.1172,4.582,4.66E+04,46.590792,4.659079,1026.3585,26.3384,26.3382,30.6457,43.0099,4.582,0.952,0.976,1.74,0.764,1.0917,0.1661,0.2723,2.2027,1.1245,2.25E+02,95.861,12.34505,0,0,0.06,0.00E+00
31.4801,-80.446,36.1769,17.3372,0.1233,4.686,4.66E+04,46.590793,4.659079,1026.3573,26.3368,26.3366,30.6441,43.0083,4.686,0.896,1.0609,1.8078,0.7469,1.0958,0.1697,0.2698,2.2015,1.1306,2.21E+02,95.721,12.34482,0,0,-0.22,0.00E+00
31.4801,-80.446,36.1775,17.3372,0.1111,4.893,4.66E+04,46.591665,4.659167,1026.3588,26.3373,26.3371,30.6446,43.0088,4.893,0.834,0.8911,1.7852,0.8941,1.1,0.1685,0.2698,2.2015,1.1368,2.17E+02,95.663,12.34477,0,0,-0.25,0.00E+00
31.4801,-80.446,36.178,17.3367,0.1172,4.996,4.66E+04,46.591666,4.659167,1026.3597,26.3378,26.3376,30.6451,43.0093,4.996,0.771,0.976,1.7852,0.8092,1.1042,0.1685,0.2698,2.1978,1.1429,2.13E+02,95.34,12.34485,0,0,-0.25,0.00E+00
31.4801,-80.446,36.1775,17.3367,0.1148,5.203,4.66E+04,46.591231,4.659123,1026.3603,26.3375,26.3372,30.6448,43.009,5.203,0.716,0.9421,1.7852,0.8432,1.1083,0.1685,0.2589,2.1954,1.1465,2.10E+02,95.046,12.34489,0,0,-0.22,0.00E+00
31.4801,-80.446,36.1779,17.3353,0.1111,5.307,4.66E+04,46.59036,4.659036,1026.3613,26.3381,26.3379,30.6454,43.0097,5.307,0.674,0.8911,1.8078,0.9167,1.1125,0.1697,0.2601,2.1929,1.1477,2.10E+02,94.757,12.34514,0,0,-0.17,0.00E+00
31.4801,-80.446,36.1781,17.3355,0.105,5.41,4.66E+04,46.590796,4.65908,1026.3619,26.3382,26.3379,30.6455,43.0097,5.41,0.625,0.8063,1.8078,1.0015,1.1167,0.1697,0.2601,2.1929,1.1526,2.07E+02,94.652,12.34508,0,0,-0.19,0.00E+00
31.4801,-80.446,36.1766,17.3353,0.1062,5.617,4.66E+04,46.589054,4.658905,1026.3618,26.3371,26.3369,30.6445,43.0088,5.617,0.604,0.8233,1.7852,0.962,1.1208,0.1685,0.2601,2.1929,1.1624,2.01E+02,94.595,12.34524,0,0,-0.08,0.00E+00
31.4801,-80.446,36.176,17.3355,0.1111,5.721,4.66E+04,46.588619,4.658862,1026.3617,26.3366,26.3364,30.644,43.0083,5.721,0.584,0.8911,1.8078,0.9167,1.125,0.1697,0.2418,2.1954,1.177,1.92E+02,94.839,12.34524,0,0,-0.08,0.00E+00
31.4801,-80.446,36.1768,17.3359,0.105,5.928,4.66E+04,46.589927,4.658993,1026.3631,26.3371,26.3369,30.6445,43.0087,5.928,0.597,0.8063,1.8078,1.0015,1.1292,0.1697,0.2418,2.1966,1.188,1.86E+02,95.056,12.34511,0,0,0.06,0.00E+00
31.4801,-80.446,36.1772,17.3353,0.1062,6.031,4.66E+04,46.589928,4.658993,1026.364,26.3376,26.3373,30.645,43.0092,6.031,0.584,0.8233,1.8078,0.9845,1.1333,0.1697,0.2418,2.1978,1.1966,1.81E+02,95.299,12.34519,0,0,-0.06,0.00E+00
31.4801,-80.446,36.1769,17.3348,0.1148,6.135,4.66E+04,46.589057,4.658906,1026.3644,26.3375,26.3373,30.6449,43.0092,6.135,0.577,0.9421,1.7175,0.7754,1.1375,0.1648,0.2369,2.199,1.199,1.80E+02,95.588,12.34533,0,0,-0.03,0.00E+00
31.4801,-80.446,36.1762,17.3346,0.1136,6.342,4.66E+04,46.588186,4.658819,1026.3648,26.337,26.3368,30.6444,43.0087,6.342,0.577,0.9251,1.7852,0.8601,1.1417,0.1685,0.2357,2.2015,1.2002,1.79E+02,95.914,12.34542,0,0,0,0.00E+00
31.4801,-80.446,36.176,17.3344,0.1099,6.445,4.66E+04,46.587751,4.658775,1026.3651,26.3369,26.3366,30.6443,43.0086,6.445,0.584,0.8742,1.8078,0.9336,1.1458,0.1697,0.2357,2.2015,1.2002,1.79E+02,96.015,12.34549,0,0,0.03,0.00E+00
31.4801,-80.446,36.1764,17.3348,0.1099,6.549,4.66E+04,46.588623,4.658862,1026.3658,26.3371,26.3368,30.6445,43.0088,6.549,0.57,0.8742,1.8078,0.9336,1.15,0.1697,0.2369,2.2015,1.2039,1.77E+02,96.016,12.34538,0,0,-0.06,0.00E+00
31.4801,-80.446,36.176,17.3348,0.127,6.652,4.66E+04,46.588187,4.658819,1026.366,26.3368,26.3365,30.6442,43.0085,6.652,0.535,1.1118,1.8078,0.696,1.1542,0.1697,0.2344,2.2015,1.2063,1.76E+02,95.971,12.34541,0,0,-0.14,0.00E+00
31.4801,-80.446,36.1753,17.3355,0.1172,6.756,4.66E+04,46.588188,4.658819,1026.3657,26.3361,26.3358,30.6434,43.0077,6.756,0.514,0.976,1.8078,0.8318,1.1583,0.1697,0.2344,2.2002,1.21,1.74E+02,95.784,12.34531,0,0,-0.08,0.00E+00
31.4801,-80.446,36.1757,17.3359,0.1416,6.859,4.66E+04,46.58906,4.658906,1026.3664,26.3363,26.336,30.6436,43.0079,6.859,0.479,1.3154,1.8078,0.4924,1.1625,0.1697,0.2344,2.199,1.2137,1.72E+02,95.597,12.3452,0,0,-0.14,0.00E+00
31.4801,-80.446,36.1758,17.3357,0.1148,6.963,4.66E+04,46.58906,4.658906,1026.3669,26.3364,26.3361,30.6438,43.0081,6.963,0.465,0.9421,1.8078,0.8657,1.1667,0.1697,0.2344,2.199,1.2198,1.69E+02,95.491,12.34522,0,0,-0.06,0.00E+00
31.4801,-80.446,36.1767,17.3355,0.1099,7.066,4.66E+04,46.589932,4.658993,1026.3681,26.3371,26.3368,30.6445,43.0088,7.066,0.445,0.8742,1.8304,0.9562,1.1708,0.1709,0.2405,2.199,1.2247,1.67E+02,95.406,12.34519,0,0,-0.08,0.00E+00
31.4801,-80.446,36.1759,17.3359,0.1209,7.273,4.66E+04,46.589497,4.65895,1026.3684,26.3365,26.3362,30.6438,43.0081,7.273,0.445,1.0269,1.8304,0.8035,1.175,0.1709,0.2405,2.1978,1.2295,1.64E+02,95.254,12.34518,0,0,0,0.00E+00
31.4801,-80.446,36.1746,17.3376,0.1172,7.48,4.66E+04,46.589934,4.658993,1026.3679,26.3351,26.3348,30.6424,43.0067,7.48,0.493,0.976,1.8078,0.8318,1.1792,0.1697,0.2405,2.1966,1.2344,1.62E+02,95.148,12.34491,0,0,0.19,0.00E+00
31.4801,-80.446,36.1765,17.3363,0.1111,7.687,4.66E+04,46.590806,4.659081,1026.3706,26.3369,26.3365,30.6442,43.0085,7.687,0.556,0.8911,1.74,0.8489,1.1833,0.1661,0.2357,2.1941,1.2418,1.58E+02,94.947,12.34505,0,0,0.25,0.00E+00
31.4801,-80.446,36.1768,17.335,0.1087,7.894,4.66E+04,46.589936,4.658994,1026.3721,26.3374,26.3371,30.6448,43.0091,7.894,0.625,0.8572,1.7852,0.928,1.1875,0.1685,0.2247,2.1954,1.2466,1.56E+02,95.018,12.3453,0,0,0.28,0.00E+00
31.4801,-80.446,36.1758,17.3352,0.1087,8.101,4.66E+04,46.589065,4.658907,1026.3721,26.3366,26.3363,30.644,43.0083,8.101,0.695,0.8572,1.8078,0.9506,1.1917,0.1697,0.2247,2.1954,1.2527,1.53E+02,95.054,12.34534,0,0,0.28,0.00E+00
31.4801,-80.446,36.1762,17.3342,0.1087,8.308,4.66E+04,46.588631,4.658863,1026.3736,26.3372,26.3368,30.6446,43.0089,8.308,0.757,0.8572,1.8078,0.9506,1.1958,0.1697,0.2247,2.1954,1.2601,1.50E+02,95.089,12.34551,0,0,0.25,0.00E+00
31.4801,-80.446,36.1757,17.3342,0.1136,8.515,4.66E+04,46.588196,4.65882,1026.3742,26.3368,26.3365,30.6442,43.0086,8.515,0.806,0.9251,1.8078,0.8827,1.2,0.1697,0.2259,2.1954,1.2686,1.46E+02,95.118,12.34555,0,0,0.19,0.00E+00
31.4801,-80.446,36.1752,17.3342,0.1136,8.825,4.66E+04,46.587762,4.658776,1026.3752,26.3364,26.3361,30.6439,43.0082,8.825,0.862,0.9251,1.8078,0.8827,1.2042,0.1697,0.2259,2.1954,1.2747,1.44E+02,95.169,12.34559,0,0,0.22,0.00E+00
31.4801,-80.446,36.1763,17.3342,0.1294,8.929,4.66E+04,46.589069,4.658907,1026.3765,26.3373,26.3369,30.6447,43.0091,8.929,0.855,1.1457,1.8304,0.6847,1.2083,0.1709,0.2259,2.1954,1.2796,1.41E+02,95.237,12.3455,0,0,-0.03,0.00E+00
31.4801,-80.446,36.1755,17.3342,0.1294,9.136,4.66E+04,46.588199,4.65882,1026.3767,26.3367,26.3363,30.6441,43.0084,9.136,0.848,1.1457,1.8078,0.6621,1.2125,0.1697,0.2271,2.1954,1.2845,1.39E+02,95.292,12.34557,0,0,-0.03,0.00E+00
31.4801,-80.446,36.1753,17.3344,0.1258,9.239,4.66E+04,46.588199,4.65882,1026.377,26.3364,26.3361,30.6438,43.0082,9.239,0.813,1.0948,1.8078,0.713,1.2167,0.1697,0.2369,2.1954,1.2882,1.38E+02,95.327,12.34554,0,0,-0.14,0.00E+00
31.4801,-80.446,36.1758,17.3342,0.1355,9.343,4.66E+04,46.588635,4.658864,1026.3779,26.3369,26.3365,30.6443,43.0087,9.343,0.757,1.2306,1.8078,0.5772,1.2208,0.1697,0.2369,2.1966,1.293,1.36E+02,95.397,12.34554,0,0,-0.22,0.00E+00
31.4801,-80.446,36.1753,17.3342,0.1758,9.55,4.66E+04,46.588201,4.65882,1026.3784,26.3365,26.3362,30.644,43.0083,9.55,0.716,1.7907,1.8078,0.0171,1.225,0.1697,0.2381,2.1966,1.2955,1.35E+02,95.419,12.34558,0,0,-0.17,0.00E+00
31.4801,-80.446,36.1759,17.3344,0.1429,9.653,4.66E+04,46.589072,4.658907,1026.3793,26.3369,26.3365,30.6443,43.0087,9.653,0.66,1.3324,1.8078,0.4754,1.2292,0.1697,0.232,2.1954,1.2979,1.34E+02,95.339,12.3455,0,0,-0.22,0.00E+00
31.4801,-80.446,36.1754,17.3344,0.1306,9.86,4.66E+04,46.588638,4.658864,1026.3798,26.3366,26.3362,30.644,43.0084,9.86,0.625,1.1627,1.8304,0.6677,1.2333,0.1709,0.2491,2.1978,1.3004,1.33E+02,95.518,12.34553,0,0,-0.14,0.00E+00
31.4801,-80.446,36.1754,17.3344,0.1477,9.964,4.66E+04,46.588638,4.658864,1026.3802,26.3365,26.3361,30.644,43.0083,9.964,0.584,1.4003,1.8304,0.4301,1.2375,0.1709,0.2491,2.199,1.304,1.32E+02,95.641,12.34554,0,0,-0.17,0.00E+00
31.4801,-80.446,36.1757,17.3344,0.1392,10.067,4.66E+04,46.589074,4.658907,1026.381,26.3368,26.3364,30.6442,43.0086,10.067,0.577,1.2815,1.8304,0.5489,1.2417,0.1709,0.2491,2.2002,1.3065,1.31E+02,95.77,12.34551,0,0,-0.03,0.00E+00
31.4801,-80.446,36.1753,17.3344,0.1306,10.274,4.66E+04,46.58864,4.658864,1026.3815,26.3365,26.336,30.6439,43.0083,10.274,0.577,1.1627,1.8304,0.6677,1.2458,0.1709,0.2149,2.199,1.3089,1.30E+02,95.711,12.34555,0,0,0,0.00E+00
31.4801,-80.446,36.1753,17.3348,0.1245,10.378,4.66E+04,46.589076,4.658908,1026.3819,26.3364,26.336,30.6438,43.0082,10.378,0.584,1.0778,1.8078,0.73,1.25,0.1697,0.2161,2.2015,1.3114,1.29E+02,95.889,12.34547,0,0,0.03,0.00E+00
31.4801,-80.446,36.1751,17.335,0.1172,10.481,4.66E+04,46.589076,4.658908,1026.3821,26.3362,26.3358,30.6436,43.0079,10.481,0.57,0.976,1.8304,0.8544,1.2542,0.1709,0.2161,2.2015,1.3138,1.28E+02,95.897,12.34544,0,0,-0.06,0.00E+00
31.4801,-80.446,36.1756,17.3348,0.1624,10.585,4.66E+04,46.589512,4.658951,1026.3831,26.3366,26.3362,30.644,43.0084,10.585,0.535,1.604,1.8078,0.2038,1.2583,0.1697,0.2149,2.2015,1.315,1.27E+02,95.905,12.34544,0,0,-0.14,0.00E+00
31.4801,-80.446,36.1753,17.3346,0.1294,10.688,4.66E+04,46.589077,4.658908,1026.3833,26.3365,26.336,30.6439,43.0082,10.688,0.514,1.1457,1.7852,0.6395,1.2625,0.1685,0.2332,2.2015,1.3162,1.27E+02,95.886,12.3455,0,0,-0.08,0.00E+00
31.4801,-80.446,36.1749,17.335,0.1526,10.792,4.66E+04,46.589077,4.658908,1026.3834,26.3361,26.3357,30.6435,43.0079,10.792,0.479,1.4682,1.8078,0.3396,1.2667,0.1697,0.2344,2.199,1.3162,1.27E+02,95.617,12.34545,0,0,-0.14,0.00E+00
31.4801,-80.446,36.1757,17.335,0.1233,10.895,4.66E+04,46.589949,4.658995,1026.3844,26.3367,26.3362,30.6441,43.0084,10.895,0.466,1.0609,1.8304,0.7695,1.2708,0.1709,0.2344,2.199,1.3162,1.27E+02,95.532,12.34539,0,0,-0.06,0.00E+00
31.4801,-80.446,36.1754,17.3352,0.1184,10.999,4.66E+04,46.58995,4.658995,1026.3847,26.3364,26.336,30.6438,43.0082,10.999,0.445,0.993,1.8078,0.8148,1.275,0.1697,0.2295,2.1954,1.3187,1.26E+02,95.188,12.34537,0,0,-0.08,0.00E+00
31.4801,-80.446,36.1752,17.335,0.1184,11.102,4.66E+04,46.589515,4.658951,1026.385,26.3363,26.3359,30.6437,43.0081,11.102,0.417,0.993,1.8078,0.8148,1.2792,0.1697,0.4347,2.199,1.3199,1.25E+02,95.388,12.34543,0,0,-0.11,0.00E+00
31.4801,-80.446,36.175,17.3352,0.1245,11.206,4.66E+04,46.589515,4.658952,1026.3852,26.3361,26.3356,30.6435,43.0079,11.206,0.417,1.0778,1.8304,0.7526,1.2833,0.1709,0.4347,2.199,1.3223,1.25E+02,95.355,12.34541,0,0,0,0.00E+00
31.4801,-80.446,36.1753,17.3352,0.1783,11.309,4.66E+04,46.589951,4.658995,1026.386,26.3364,26.3359,30.6438,43.0081,11.309,0.417,1.8246,1.8078,-0.0168,1.2875,0.1697,0.4347,2.199,1.326,1.23E+02,95.39,12.34538,0,0,0,0.00E+00
31.4801,-80.446,36.1751,17.335,0.1258,11.413,4.66E+04,46.589516,4.658952,1026.3863,26.3362,26.3358,30.6436,43.008,11.413,0.417,1.0948,1.853,0.7582,1.2917,0.1722,0.2088,2.199,1.3297,1.22E+02,95.438,12.34544,0,0,0,0.00E+00
31.4801,-80.446,36.1754,17.335,0.1294,11.62,4.66E+04,46.589953,4.658995,1026.3874,26.3365,26.336,30.6439,43.0082,11.62,0.445,1.1457,1.8078,0.6621,1.2958,0.1697,0.2088,2.199,1.3321,1.21E+02,95.5,12.34542,0,0,0.11,0.00E+00
31.4801,-80.446,36.1746,17.3353,0.1868,11.827,4.66E+04,46.589518,4.658952,1026.3877,26.3358,26.3353,30.6432,43.0076,11.827,0.493,1.9434,1.7852,-0.1582,1.3,0.1685,0.2088,2.1978,1.3346,1.20E+02,95.481,12.3454,0,0,0.19,0.00E+00
31.4801,-80.446,36.1752,17.335,0.1612,12.034,4.66E+04,46.589955,4.658995,1026.3891,26.3364,26.3359,30.6438,43.0081,12.034,0.556,1.587,1.8304,0.2434,1.3042,0.1709,0.2088,2.1978,1.3382,1.19E+02,95.484,12.34543,0,0,0.25,0.00E+00
31.4801,-80.446,36.1753,17.3348,0.1453,12.241,4.66E+04,46.589955,4.658996,1026.3902,26.3365,26.336,30.6439,43.0083,12.241,0.625,1.3664,1.8078,0.4414,1.3083,0.1697,0.2149,2.1966,1.3407,1.18E+02,95.398,12.34547,0,0,0.28,0.00E+00
31.4801,-80.446,36.1754,17.335,0.2002,12.448,4.66E+04,46.590392,4.659039,1026.3911,26.3365,26.336,30.6439,43.0083,12.448,0.695,2.1301,1.853,-0.2771,1.3125,0.1722,0.2149,2.1966,1.3431,1.17E+02,95.293,12.34541,0,0,0.28,0.00E+00
31.4801,-80.446,36.1752,17.3352,0.1404,12.655,4.66E+04,46.590393,4.659039,1026.3918,26.3363,26.3358,30.6437,43.0081,12.655,0.757,1.2985,1.8078,0.5093,1.3167,0.1697,0.2149,2.1966,1.3455,1.16E+02,95.283,12.34539,0,0,0.25,0.00E+00
31.4801,-80.446,36.175,17.3353,0.1563,12.758,4.66E+04,46.590393,4.659039,1026.3921,26.3361,26.3356,30.6435,43.0079,12.758,0.778,1.5191,1.8078,0.2887,1.3208,0.1697,0.2125,2.1905,1.3468,1.16E+02,94.808,12.34537,0,0,0.08,0.00E+00
31.4801,-80.446,36.1749,17.3353,0.1563,12.965,4.66E+04,46.590394,4.659039,1026.3929,26.3361,26.3355,30.6435,43.0078,12.965,0.785,1.5191,1.8078,0.2887,1.325,0.1697,0.2259,2.1954,1.348,1.15E+02,95.104,12.34538,0,0,0.03,0.00E+00
31.4801,-80.446,36.1748,17.3353,0.1404,13.172,4.66E+04,46.590395,4.65904,1026.3938,26.336,26.3355,30.6434,43.0078,13.172,0.771,1.2985,1.8078,0.5093,1.3292,0.1697,0.2259,2.1954,1.3492,1.15E+02,95.147,12.34539,0,0,-0.06,0.00E+00
31.4801,-80.446,36.1755,17.3353,0.1343,13.275,4.66E+04,46.591267,4.659127,1026.3948,26.3366,26.336,30.644,43.0083,13.275,0.736,1.2136,1.8078,0.5942,1.3333,0.1697,0.2259,2.1966,1.3468,1.16E+02,95.303,12.34533,0,0,-0.14,0.00E+00
31.4801,-80.446,36.1749,17.3355,0.1868,13.379,4.66E+04,46.590832,4.659083,1026.3947,26.3361,26.3355,30.6435,43.0078,13.379,0.688,1.9434,1.7852,-0.1582,1.3375,0.1685,0.2125,2.1966,1.3455,1.16E+02,95.371,12.34533,0,0,-0.19,0.00E+00
31.4801,-80.446,36.1745,17.3359,0.149,13.586,4.66E+04,46.590833,4.659083,1026.3953,26.3357,26.3351,30.6431,43.0074,13.586,0.66,1.4173,1.7852,0.3679,1.3417,0.1685,0.2112,2.1978,1.3443,1.17E+02,95.542,12.34529,0,0,-0.11,0.00E+00
31.4801,-80.446,36.1754,17.3353,0.1551,13.689,4.66E+04,46.591269,4.659127,1026.3965,26.3365,26.3359,30.6439,43.0082,13.689,0.625,1.5021,1.8078,0.3057,1.3458,0.1697,0.2112,2.1966,1.3443,1.17E+02,95.515,12.34534,0,0,-0.14,0.00E+00
31.4801,-80.446,36.1751,17.3355,0.1209,13.896,4.66E+04,46.59127,4.659127,1026.3972,26.3362,26.3357,30.6436,43.008,13.896,0.618,1.0269,1.7852,0.7583,1.35,0.1685,0.2112,2.1978,1.3443,1.17E+02,95.653,12.34532,0,0,-0.03,0.00E+00
31.4801,-80.446,36.1754,17.3352,0.1368,14,4.66E+04,46.591271,4.659127,1026.3979,26.3365,26.336,30.6439,43.0083,14,0.611,1.2476,1.8078,0.5602,1.3542,0.1697,0.2234,2.199,1.3431,1.17E+02,95.809,12.34537,0,0,-0.03,0.00E+00
31.4801,-80.446,36.1744,17.3353,0.1233,14.103,4.66E+04,46.590399,4.65904,1026.3976,26.3358,26.3352,30.6432,43.0076,14.103,0.577,1.0609,1.8304,0.7695,1.3583,0.1709,0.2234,2.199,1.3443,1.17E+02,95.717,12.34541,0,0,-0.14,0.00E+00
31.4801,-80.446,36.1749,17.3352,0.1612,14.31,4.66E+04,46.590836,4.659084,1026.3989,26.3362,26.3356,30.6436,43.008,14.31,0.577,1.587,1.8078,0.2208,1.3625,0.1697,0.2234,2.199,1.3468,1.16E+02,95.713,12.34541,0,0,0,0.00E+00
31.4801,-80.446,36.1743,17.3353,0.138,14.414,4.66E+04,46.590401,4.65904,1026.3989,26.3357,26.3351,30.6431,43.0075,14.414,0.584,1.2645,1.8078,0.5433,1.3667,0.1697,0.2234,2.1941,1.3504,1.15E+02,95.307,12.34542,0,0,0.03,0.00E+00
31.4801,-80.446,36.1742,17.3353,0.1587,14.621,4.66E+04,46.590402,4.65904,1026.3998,26.3356,26.335,30.6431,43.0074,14.621,0.598,1.553,1.8078,0.2548,1.3708,0.1697,0.2283,2.1978,1.3516,1.14E+02,95.501,12.34543,0,0,0.06,0.00E+00
31.4801,-80.446,36.1751,17.3352,0.1453,14.724,4.66E+04,46.591274,4.659127,1026.4009,26.3363,26.3357,30.6438,43.0081,14.724,0.584,1.3664,1.7852,0.4189,1.375,0.1685,0.2283,2.1966,1.3541,1.13E+02,95.387,12.3454,0,0,-0.06,0.00E+00
31.4801,-80.446,36.1751,17.3352,0.1673,14.828,4.66E+04,46.591274,4.659127,1026.4013,26.3363,26.3357,30.6437,43.0081,14.828,0.577,1.6719,1.8304,0.1585,1.3792,0.1709,0.2283,2.1966,1.3553,1.13E+02,95.375,12.3454,0,0,-0.03,0.00E+00
31.4801,-80.446,36.175,17.3348,0.1306,15.035,4.66E+04,46.590839,4.659084,1026.4023,26.3363,26.3357,30.6438,43.0082,15.035,0.577,1.1627,1.8078,0.6451,1.3833,0.1697,0.221,2.1954,1.3614,1.11E+02,95.242,12.34549,0,0,0,0.00E+00
31.4801,-80.446,36.1753,17.3348,0.1245,15.138,4.66E+04,46.591276,4.659128,1026.403,26.3366,26.336,30.644,43.0084,15.138,0.584,1.0778,1.8304,0.7526,1.3875,0.1709,0.221,2.1941,1.3663,1.09E+02,95.122,12.34547,0,0,0.03,0.00E+00
31.4801,-80.446,36.175,17.3346,0.1221,15.345,4.66E+04,46.590841,4.659084,1026.4037,26.3364,26.3358,30.6439,43.0083,15.345,0.598,1.0439,1.8078,0.7639,1.3917,0.1697,0.221,2.1929,1.3675,1.09E+02,95.029,12.34553,0,0,0.06,0.00E+00
31.4801,-80.446,36.1748,17.3348,0.1978,15.552,4.66E+04,46.590842,4.659084,1026.4044,26.3362,26.3356,30.6436,43.008,15.552,0.611,2.0962,1.8304,-0.2658,1.3958,0.1709,0.221,2.1941,1.3687,1.08E+02,95.133,12.34551,0,0,0.06,0.00E+00
31.4801,-80.446,36.1751,17.3348,0.1392,15.656,4.66E+04,46.591278,4.659128,1026.4051,26.3365,26.3358,30.6439,43.0083,15.656,0.625,1.2815,1.8078,0.5263,1.4,0.1697,0.2173,2.1954,1.3687,1.08E+02,95.29,12.34548,0,0,0.06,0.00E+00
31.4801,-80.446,36.1752,17.3346,0.1526,15.863,4.66E+04,46.591279,4.659128,1026.4061,26.3366,26.3359,30.644,43.0084,15.863,0.639,1.4682,1.8304,0.3622,1.4042,0.1709,0.2173,2.1966,1.3687,1.08E+02,95.361,12.34551,0,0,0.06,0.00E+00
31.4801,-80.446,36.1748,17.335,0.1209,15.966,4.66E+04,46.591279,4.659128,1026.4062,26.3362,26.3356,30.6436,43.008,15.966,0.653,1.0269,1.8078,0.7809,1.4083,0.1697,0.2173,2.1978,1.3724,1.07E+02,95.544,12.34546,0,0,0.06,0.00E+00
31.4801,-80.446,36.1753,17.3348,0.1429,16.07,4.66E+04,46.591716,4.659172,1026.4071,26.3367,26.336,30.6441,43.0085,16.07,0.639,1.3324,1.853,0.5206,1.4125,0.1722,0.2173,2.1954,1.3761,1.06E+02,95.435,12.34546,0,0,-0.06,0.00E+00
31.4801,-80.446,36.1754,17.335,0.1197,16.277,4.66E+04,46.592152,4.659215,1026.4081,26.3367,26.336,30.6441,43.0085,16.277,0.625,1.0099,1.8078,0.7979,1.4167,0.1697,0.2491,2.199,1.3761,1.06E+02,95.756,12.34541,0,0,-0.06,0.00E+00
31.4801,-80.446,36.1744,17.3352,0.1404,16.484,4.66E+04,46.591282,4.659128,1026.4082,26.3359,26.3352,30.6433,43.0077,16.484,0.639,1.2985,1.8078,0.5093,1.4208,0.1697,0.2503,2.2002,1.3761,1.06E+02,95.921,12.34545,0,0,0.06,0.00E+00
31.4801,-80.446,36.1753,17.335,0.1868,16.587,4.66E+04,46.592154,4.659215,1026.4094,26.3366,26.3359,30.644,43.0084,16.587,0.618,1.9434,1.8078,-0.1356,1.425,0.1697,0.2503,2.199,1.3785,1.05E+02,95.86,12.34542,0,0,-0.08,0.00E+00
31.4801,-80.446,36.1752,17.335,0.1404,16.794,4.66E+04,46.592155,4.659215,1026.4102,26.3366,26.3359,30.644,43.0084,16.794,0.625,1.2985,1.7852,0.4867,1.4292,0.1685,0.199,2.199,1.3822,1.04E+02,95.809,12.34543,0,0,0.03,0.00E+00
31.4801,-80.446,36.175,17.3352,0.1343,16.898,4.66E+04,46.592155,4.659216,1026.4105,26.3364,26.3357,30.6438,43.0082,16.898,0.632,1.2136,1.7852,0.5716,1.4333,0.1685,0.1978,2.199,1.3846,1.03E+02,95.757,12.3454,0,0,0.03,0.00E+00
31.4801,-80.446,36.1748,17.3353,0.1343,17.001,4.66E+04,46.592155,4.659216,1026.4107,26.3362,26.3355,30.6436,43.008,17.001,0.611,1.2136,1.7852,0.5716,1.4375,0.1685,0.1978,2.199,1.3871,1.03E+02,95.712,12.34538,0,0,-0.08,0.00E+00
31.4801,-80.446,36.1746,17.3355,0.1306,17.208,4.66E+04,46.592156,4.659216,1026.4114,26.3359,26.3352,30.6434,43.0078,17.208,0.625,1.1627,1.8078,0.6451,1.4417,0.1697,0.1978,2.199,1.3895,1.02E+02,95.681,12.34536,0,0,0.06,0.00E+00
31.4801,-80.446,36.1751,17.3357,0.1905,17.312,4.66E+04,46.593028,4.659303,1026.4122,26.3363,26.3356,30.6437,43.0081,17.312,0.611,1.9943,1.8078,-0.1865,1.4458,0.1697,0.1978,2.199,1.3907,1.02E+02,95.668,12.34528,0,0,-0.06,0.00E+00
31.4801,-80.446,36.1744,17.3361,0.1416,17.415,4.66E+04,46.592593,4.659259,1026.412,26.3357,26.3349,30.6431,43.0074,17.415,0.57,1.3154,1.8078,0.4924,1.45,0.1697,0.1978,2.199,1.3944,1.00E+02,95.583,12.34526,0,0,-0.17,0.00E+00
31.4801,-80.446,36.1747,17.3361,0.1477,17.622,4.66E+04,46.59303,4.659303,1026.4132,26.3359,26.3352,30.6433,43.0077,17.622,0.563,1.4003,1.8078,0.4075,1.4542,0.1697,0.1978,2.1966,1.3993,9.90E+01,95.388,12.34524,0,0,-0.03,0.00E+00
31.4801,-80.446,36.1746,17.3361,0.1319,17.726,4.66E+04,46.59303,4.659303,1026.4136,26.3359,26.3351,30.6433,43.0077,17.726,0.563,1.1797,1.8304,0.6507,1.4583,0.1709,0.199,2.1941,1.4029,9.79E+01,95.186,12.34524,0,0,0,0.00E+00
31.4801,-80.446,36.1752,17.3363,0.1929,17.829,4.66E+04,46.593902,4.65939,1026.4144,26.3362,26.3355,30.6436,43.008,17.829,0.542,2.0283,1.8304,-0.1979,1.4625,0.1709,0.1917,2.1966,1.4029,9.79E+01,95.311,12.34515,0,0,-0.08,0.00E+00
31.4801,-80.446,36.1747,17.3363,0.2198,17.933,4.66E+04,46.593467,4.659347,1026.4146,26.3359,26.3352,30.6433,43.0077,17.933,0.535,2.4016,1.7852,-0.6164,1.4667,0.1685,0.1917,2.1966,1.4054,9.72E+01,95.312,12.34519,0,0,-0.03,0.00E+00
31.4801,-80.446,36.1756,17.3361,0.1404,18.036,4.66E+04,46.594339,4.659434,1026.4158,26.3367,26.3359,30.6441,43.0084,18.036,0.514,1.2985,1.7852,0.4867,1.4708,0.1685,0.1929,2.1966,1.4066,9.68E+01,95.326,12.34516,0,0,-0.08,0.00E+00
31.4801,-80.446,36.1753,17.3355,0.1319,18.14,4.66E+04,46.593468,4.659347,1026.4161,26.3366,26.3358,30.644,43.0084,18.14,0.479,1.1797,1.8304,0.6507,1.475,0.1709,0.1966,2.1978,1.4078,9.65E+01,95.45,12.3453,0,0,-0.14,0.00E+00
31.4801,-80.446,36.1751,17.3357,0.1221,18.243,4.66E+04,46.593468,4.659347,1026.4164,26.3364,26.3356,30.6438,43.0082,18.243,0.466,1.0439,1.8078,0.7639,1.4792,0.1697,0.1966,2.199,1.4078,9.65E+01,95.606,12.34528,0,0,-0.06,0.00E+00
31.4801,-80.446,36.1751,17.3361,0.1355,18.347,4.66E+04,46.593904,4.65939,1026.4168,26.3363,26.3355,30.6437,43.0081,18.347,0.445,1.2306,1.7852,0.5546,1.4833,0.1685,0.1966,2.199,1.409,9.61E+01,95.694,12.3452,0,0,-0.08,0.00E+00
31.4801,-80.446,36.1753,17.3363,0.1245,18.45,4.66E+04,46.594341,4.659434,1026.4173,26.3364,26.3356,30.6438,43.0081,18.45,0.417,1.0778,1.7852,0.7074,1.4875,0.1685,0.1966,2.199,1.4103,9.58E+01,95.782,12.34514,0,0,-0.11,0.00E+00
31.4801,-80.446,36.1749,17.3363,0.1355,18.554,4.66E+04,46.593905,4.659391,1026.4174,26.3361,26.3353,30.6435,43.0078,18.554,0.417,1.2306,1.8078,0.5772,1.4917,0.1697,0.1929,2.199,1.4127,9.51E+01,95.804,12.34518,0,0,0,0.00E+00
31.4801,-80.446,36.1752,17.3367,0.1355,18.761,4.66E+04,46.594778,4.659478,1026.4185,26.3362,26.3355,30.6436,43.008,18.761,0.445,1.2306,1.8078,0.5772,1.4958,0.1697,0.1929,2.199,1.4164,9.41E+01,95.746,12.34507,0,0,0.11,0.00E+00
31.4801,-80.446,36.1745,17.3365,0.1648,18.968,4.66E+04,46.593907,4.659391,1026.4189,26.3358,26.335,30.6432,43.0075,18.968,0.493,1.6379,1.8078,0.1699,1.5,0.1697,0.1929,2.1978,1.42,9.30E+01,95.633,12.34516,0,0,0.19,0.00E+00
31.4801,-80.446,36.1747,17.3363,0.1282,18.968,4.66E+04,46.593907,4.659391,1026.4191,26.3359,26.3352,30.6434,43.0077,18.968,0.5,1.1288,1.8304,0.7016,1.5042,0.1709,0.1929,2.199,1.4274,9.10E+01,95.675,12.34519,0,0,0.03,0.00E+00
31.4801,-80.446,36.1744,17.3361,0.1245,19.175,4.66E+04,46.593472,4.659347,1026.4199,26.3358,26.335,30.6432,43.0076,19.175,0.528,1.0778,1.8078,0.73,1.5083,0.1697,0.2381,2.199,1.4322,8.97E+01,95.637,12.34525,0,0,0.11,0.00E+00
31.4801,-80.446,36.1746,17.3363,0.1209,19.382,4.66E+04,46.593909,4.659391,1026.4208,26.3358,26.335,30.6432,43.0076,19.382,0.57,1.0269,1.8304,0.8035,1.5125,0.1709,0.2369,2.1978,1.4383,8.81E+01,95.524,12.3452,0,0,0.17,0.00E+00
31.4801,-80.446,36.175,17.3361,0.1343,19.589,4.66E+04,46.594346,4.659435,1026.4222,26.3363,26.3355,30.6437,43.0081,19.589,0.618,1.2136,1.8078,0.5942,1.5167,0.1697,0.2369,2.1966,1.442,8.71E+01,95.418,12.34521,0,0,0.19,0.00E+00
31.4801,-80.446,36.1755,17.3359,0.1416,19.796,4.66E+04,46.594782,4.659478,1026.4235,26.3367,26.3359,30.6441,43.0085,19.796,0.667,1.3154,1.8078,0.4924,1.5208,0.1697,0.4567,2.1954,1.4469,8.59E+01,95.299,12.34521,0,0,0.19,0.00E+00
31.4801,-80.446,36.175,17.3359,0.1282,20.003,4.66E+04,46.594348,4.659435,1026.4241,26.3363,26.3355,30.6438,43.0081,20.003,0.709,1.1288,1.8078,0.6791,1.525,0.1697,0.4603,2.1954,1.4505,8.49E+01,95.268,12.34525,0,0,0.17,0.00E+00
31.4801,-80.446,36.175,17.3359,0.1331,20.209,4.66E+04,46.594349,4.659435,1026.4249,26.3363,26.3355,30.6437,43.0081,20.209,0.737,1.1966,1.7852,0.5886,1.5292,0.1685,0.4603,2.1954,1.4567,8.34E+01,95.257,12.34525,0,0,0.11,0.00E+00
31.4801,-80.446,36.1751,17.3361,0.1197,20.416,4.66E+04,46.594785,4.659479,1026.4259,26.3363,26.3355,30.6437,43.0081,20.416,0.778,1.0099,1.8078,0.7979,1.5333,0.1697,0.4603,2.1941,1.4615,8.22E+01,95.171,12.3452,0,0,0.17,0.00E+00
31.4801,-80.446,36.1744,17.3363,0.1184,20.623,4.66E+04,46.59435,4.659435,1026.4262,26.3358,26.335,30.6432,43.0076,20.623,0.834,0.993,1.8078,0.8148,1.5375,0.1697,0.2002,2.1941,1.4676,8.07E+01,95.147,12.34521,0,0,0.22,0.00E+00
31.4801,-80.446,36.1747,17.3367,0.1221,20.83,4.66E+04,46.59515,4.659515,1026.4273,26.336,26.3351,30.6434,43.0077,20.83,0.834,1.0439,1.8078,0.7639,1.5417,0.1697,0.2002,2.1941,1.4725,7.95E+01,95.176,12.34511,0,0,0,0.00E+00
31.4801,-80.446,36.1747,17.3367,0.2247,21.037,4.66E+04,46.595151,4.659515,1026.4282,26.3359,26.335,30.6433,43.0077,21.037,0.834,2.4695,1.8078,-0.6617,1.5458,0.1697,0.2002,2.1941,1.4786,7.81E+01,95.232,12.34512,0,0,0,0.00E+00
31.4801,-80.446,36.175,17.3367,0.2759,21.244,4.66E+04,46.595588,4.659559,1026.4293,26.3361,26.3353,30.6435,43.0079,21.244,0.834,3.1824,1.7852,-1.3971,1.55,0.1685,0.2002,2.1954,1.4835,7.70E+01,95.376,12.34509,0,0,0,0.00E+00
31.4801,-80.446,36.1744,17.3376,0.1746,21.451,4.66E+04,46.596024,4.659602,1026.4296,26.3355,26.3346,30.6429,43.0072,21.451,0.834,1.7737,1.8078,0.0341,1.5542,0.1697,0.2002,2.1954,1.4884,7.59E+01,95.432,12.34493,0,0,0,0.00E+00
31.4801,-80.446,36.1756,17.3371,0.1319,21.658,4.66E+04,46.596897,4.65969,1026.4315,26.3365,26.3356,30.6439,43.0083,21.658,0.834,1.1797,1.7852,0.6055,1.5583,0.1685,0.2002,2.1966,1.4921,7.50E+01,95.557,12.34496,0,0,0,0.00E+00
31.4801,-80.446,36.1749,17.3369,0.1746,21.762,4.66E+04,46.596026,4.659603,1026.4315,26.3361,26.3352,30.6435,43.0079,21.762,0.806,1.7737,1.7852,0.0115,1.5625,0.1685,0.2002,2.1966,1.4957,7.42E+01,95.605,12.34505,0,0,-0.11,0.00E+00
31.4801,-80.446,36.1741,17.3369,0.127,21.969,4.66E+04,46.595155,4.659516,1026.4318,26.3355,26.3346,30.6429,43.0073,21.969,0.785,1.1118,1.8078,0.696,1.5667,0.1697,0.2027,2.1954,1.4982,7.37E+01,95.552,12.34512,0,0,-0.08,0.00E+00
31.4801,-80.446,36.1744,17.3369,0.1465,22.072,4.66E+04,46.595591,4.659559,1026.4325,26.3357,26.3348,30.6431,43.0075,22.072,0.743,1.3833,1.8304,0.4471,1.5708,0.1709,0.2027,2.1941,1.5006,7.31E+01,95.438,12.34509,0,0,-0.17,0.00E+00
31.4801,-80.446,36.1744,17.3369,0.1832,22.176,4.66E+04,46.595592,4.659559,1026.433,26.3357,26.3348,30.6431,43.0075,22.176,0.688,1.8925,1.8078,-0.0847,1.575,0.1697,0.2027,2.1929,1.5031,7.26E+01,95.297,12.34509,0,0,-0.22,0.00E+00
31.4801,-80.446,36.1744,17.3369,0.1465,22.279,4.66E+04,46.595592,4.659559,1026.4334,26.3357,26.3348,30.6431,43.0075,22.279,0.625,1.3833,1.8078,0.4245,1.5792,0.1697,0.2027,2.1917,1.5043,7.24E+01,95.136,12.3451,0,0,-0.25,0.00E+00
31.4801,-80.446,36.1746,17.3371,0.1514,22.279,4.66E+04,46.596028,4.659603,1026.4335,26.3358,26.3349,30.6432,43.0076,22.279,0.535,1.4512,1.8078,0.3566,1.5833,0.1697,0.1795,2.1905,1.5067,7.18E+01,94.961,12.34504,0,0,-0.36,0.00E+00
31.4801,-80.446,36.1747,17.3369,0.1258,22.383,4.66E+04,46.596029,4.659603,1026.4341,26.3359,26.335,30.6434,43.0077,22.383,0.459,1.0948,1.8078,0.713,1.5875,0.1697,0.1795,2.1905,1.5079,7.16E+01,94.909,12.34507,0,0,-0.31,0.00E+00
31.4801,-80.446,36.1747,17.3369,0.1331,22.486,4.66E+04,46.596029,4.659603,1026.4345,26.3359,26.335,30.6433,43.0077,22.486,0.403,1.1966,1.7852,0.5886,1.5917,0.1685,0.1795,2.1917,1.5092,7.13E+01,94.978,12.34507,0,0,-0.22,0.00E+00
31.4801,-80.446,36.1748,17.3371,0.1429,22.59,4.66E+04,46.596465,4.659647,1026.4351,26.336,26.3351,30.6434,43.0078,22.59,0.375,1.3324,1.7852,0.4528,1.5958,0.1685,0.1795,2.1929,1.5104,7.10E+01,95.128,12.34502,0,0,-0.11,0.00E+00
31.4801,-80.446,36.1744,17.3371,0.2759,22.59,4.66E+04,46.596029,4.659603,1026.4348,26.3357,26.3348,30.6431,43.0075,22.59,0.32,3.1824,1.7626,-1.4197,1.6,0.1673,0.1905,2.1929,1.5116,7.08E+01,95.229,12.34505,0,0,-0.22,0.00E+00
31.4801,-80.446,36.1747,17.3372,0.1441,22.59,4.66E+04,46.596465,4.659647,1026.4349,26.3358,26.3349,30.6432,43.0076,22.59,0.278,1.3494,1.7852,0.4358,1.6042,0.1685,0.1905,2.1941,1.5128,7.05E+01,95.411,12.345,0,0,-0.17,0.00E+00
31.4801,-80.446,36.1746,17.3372,0.1392,22.797,4.66E+04,46.596466,4.659647,1026.4358,26.3358,26.3349,30.6432,43.0076,22.797,0.285,1.2815,1.7852,0.5037,1.6083,0.1685,0.1905,2.1941,1.514,7.03E+01,95.5,12.345,0,0,0.03,0.00E+00
31.4801,-80.446,36.1748,17.3374,0.1636,22.9,4.66E+04,46.596902,4.65969,1026.4363,26.3359,26.3349,30.6433,43.0076,22.9,0.306,1.6209,1.7852,0.1643,1.6125,0.1685,0.2198,2.1941,1.5165,6.98E+01,95.555,12.34495,0,0,0.08,0.00E+00
31.4801,-80.446,36.1749,17.3372,0.1294,23.004,4.66E+04,46.596903,4.65969,1026.4369,26.336,26.3351,30.6434,43.0078,23.004,0.34,1.1457,1.8078,0.6621,1.6167,0.1697,0.221,2.1941,1.5189,6.93E+01,95.57,12.34498,0,0,0.14,0.00E+00
31.4801,-80.446,36.1748,17.3372,0.1245,23.211,4.66E+04,46.596904,4.65969,1026.4378,26.336,26.335,30.6434,43.0077,23.211,0.382,1.0778,1.8078,0.73,1.6208,0.1697,0.2198,2.1929,1.5226,6.85E+01,95.443,12.34499,0,0,0.17,0.00E+00
31.4801,-80.446,36.1752,17.3372,0.1209,23.314,4.66E+04,46.59734,4.659734,1026.4385,26.3362,26.3353,30.6436,43.008,23.314,0.424,1.0269,1.7852,0.7583,1.625,0.1685,0.2198,2.1929,1.5287,6.73E+01,95.371,12.34496,0,0,0.17,0.00E+00
31.4801,-80.446,36.1753,17.3374,0.1502,23.418,4.66E+04,46.597776,4.659778,1026.439,26.3363,26.3354,30.6437,43.0081,23.418,0.466,1.4342,1.8078,0.3736,1.6292,0.1697,0.2002,2.1917,1.5336,6.63E+01,95.223,12.3449,0,0,0.17,0.00E+00
31.4801,-80.446,36.175,17.3373,0.1294,23.728,4.66E+04,46.597342,4.659734,1026.4402,26.3361,26.3351,30.6435,43.0079,23.728,0.563,1.1457,1.8078,0.6621,1.6333,0.1697,0.199,2.1917,1.5397,6.51E+01,95.18,12.34497,0,0,0.39,0.00E+00
31.4801,-80.446,36.1749,17.3373,0.127,23.832,4.66E+04,46.597342,4.659734,1026.4406,26.3361,26.3351,30.6435,43.0078,23.832,0.611,1.1118,1.8304,0.7186,1.6375,0.1709,0.2002,2.1917,1.5458,6.39E+01,95.141,12.34497,0,0,0.19,0.00E+00
31.4801,-80.446,36.1746,17.3371,0.1258,24.039,4.66E+04,46.596907,4.659691,1026.4413,26.3359,26.3349,30.6433,43.0077,24.039,0.632,1.0948,1.8078,0.713,1.6417,0.1697,0.2002,2.1917,1.5507,6.30E+01,95.144,12.34503,0,0,0.08,0.00E+00
31.4801,-80.446,36.175,17.3374,0.1209,24.246,4.66E+04,46.59778,4.659778,1026.4424,26.3361,26.3351,30.6435,43.0079,24.246,0.681,1.0269,1.7852,0.7583,1.6458,0.1685,0.1856,2.1929,1.5556,6.21E+01,95.255,12.34493,0,0,0.19,0.00E+00
31.4801,-80.446,36.1754,17.3369,0.1343,24.349,4.66E+04,46.59778,4.659778,1026.4434,26.3366,26.3356,30.644,43.0084,24.349,0.695,1.2136,1.7626,0.549,1.65,0.1673,0.1856,2.1941,1.5604,6.12E+01,95.398,12.34501,0,0,0.06,0.00E+00
31.4801,-80.446,36.1743,17.3373,0.1343,24.556,4.66E+04,46.59691,4.659691,1026.4433,26.3356,26.3346,30.643,43.0074,24.556,0.702,1.2136,1.8078,0.5942,1.6542,0.1697,0.1856,2.1941,1.5653,6.03E+01,95.474,12.34502,0,0,0.03,0.00E+00
31.4801,-80.446,36.1736,17.3387,0.1392,24.66,4.66E+04,46.597782,4.659778,1026.4429,26.3348,26.3338,30.6422,43.0065,24.66,0.702,1.2815,1.8078,0.5263,1.6583,0.1697,0.1905,2.1954,1.5702,5.94E+01,95.611,12.34476,0,0,0,0.00E+00
31.4801,-80.446,36.1742,17.3393,0.1404,24.867,4.66E+04,46.59909,4.659909,1026.4441,26.3351,26.3341,30.6424,43.0067,24.867,0.695,1.2985,1.7852,0.4867,1.6625,0.1685,0.1905,2.1954,1.5751,5.86E+01,95.667,12.34459,0,0,-0.03,0.00E+00
31.4801,-80.446,36.1752,17.3389,0.1294,25.074,4.66E+04,46.599962,4.659996,1026.4459,26.3359,26.3349,30.6433,43.0076,25.074,0.674,1.1457,1.8078,0.6621,1.6667,0.1697,0.1905,2.1954,1.5788,5.79E+01,95.676,12.34459,0,0,-0.08,0.00E+00
31.4801,-80.446,36.1746,17.3395,0.1343,25.281,4.66E+04,46.599963,4.659996,1026.4462,26.3354,26.3343,30.6427,43.007,25.281,0.702,1.2136,1.8078,0.5942,1.6708,0.1697,0.1905,2.1941,1.5836,5.71E+01,95.57,12.34452,0,0,0.11,0.00E+00
31.4801,-80.446,36.1742,17.3395,0.1184,25.384,4.66E+04,46.599528,4.659953,1026.4464,26.335,26.334,30.6424,43.0067,25.384,0.688,0.993,1.8304,0.8374,1.675,0.1709,0.2015,2.1929,1.5885,5.63E+01,95.422,12.34455,0,0,-0.06,0.00E+00
31.4801,-80.446,36.1744,17.3387,0.1306,25.591,4.66E+04,46.599093,4.659909,1026.4476,26.3354,26.3344,30.6428,43.0071,25.591,0.695,1.1627,1.8078,0.6451,1.6792,0.1697,0.2015,2.1917,1.5934,5.55E+01,95.243,12.34469,0,0,0.03,0.00E+00
31.4801,-80.446,36.1732,17.3401,0.1319,25.798,4.66E+04,46.599094,4.659909,1026.4473,26.3341,26.3331,30.6415,43.0058,25.798,0.723,1.1797,1.8078,0.6281,1.6833,0.1697,0.2015,2.1917,1.5958,5.51E+01,95.165,12.34451,0,0,0.11,0.00E+00
31.4801,-80.446,36.1752,17.3399,0.1734,25.902,4.66E+04,46.601273,4.660127,1026.4493,26.3357,26.3347,30.6431,43.0074,25.902,0.709,1.7567,1.8078,0.0511,1.6875,0.1697,0.2015,2.1929,1.6007,5.43E+01,95.221,12.34439,0,0,-0.06,0.00E+00
31.4801,-80.446,36.1749,17.3393,0.1453,26.109,4.66E+04,46.600403,4.66004,1026.4501,26.3356,26.3346,30.643,43.0073,26.109,0.716,1.3664,1.7852,0.4189,1.6917,0.1685,0.2137,2.1917,1.6056,5.35E+01,95.121,12.34454,0,0,0.03,0.00E+00
31.4801,-80.446,36.1755,17.3389,0.1233,26.316,4.66E+04,46.600839,4.660084,1026.4516,26.3362,26.3351,30.6436,43.0079,26.316,0.709,1.0609,1.7852,0.7244,1.6958,0.1685,0.2137,2.1917,1.6093,5.29E+01,95.137,12.34457,0,0,-0.03,0.00E+00
31.4801,-80.446,36.1742,17.3395,0.1453,26.419,4.66E+04,46.599968,4.659997,1026.4509,26.3351,26.334,30.6424,43.0067,26.419,0.688,1.3664,1.8304,0.464,1.7,0.1709,0.2137,2.1917,1.6142,5.21E+01,95.172,12.34455,0,0,-0.08,0.00E+00
31.4801,-80.446,36.1735,17.3406,0.1319,26.626,4.66E+04,46.600405,4.66004,1026.451,26.3343,26.3332,30.6416,43.0059,26.626,0.688,1.1797,1.7626,0.583,1.7042,0.1673,0.1941,2.1929,1.6178,5.16E+01,95.323,12.34437,0,0,0,0.00E+00
31.4801,-80.446,36.1739,17.3417,0.1294,26.73,4.66E+04,46.602148,4.660215,1026.4516,26.3344,26.3333,30.6417,43.0059,26.73,0.681,1.1457,1.7852,0.6395,1.7083,0.1685,0.1929,2.1929,1.6215,5.10E+01,95.385,12.34409,0,0,-0.03,0.00E+00
31.4801,-80.446,36.175,17.3414,0.1441,26.833,4.66E+04,46.60302,4.660302,1026.4529,26.3353,26.3342,30.6426,43.0068,26.833,0.639,1.3494,1.8078,0.4584,1.7125,0.1697,0.1929,2.1929,1.6227,5.08E+01,95.419,12.34409,0,0,-0.17,0.00E+00
